name,type,owner,department,compliance,effectiveDate,expiryDate,counterparty,jurisdiction,description
FOURTH AMENDMENT TO AMENDED AND RESTATED PROMISSORY NOTE,8-K EX-10.5,SEC EDGAR,Legal,Needs Review,2020-11-19,2023-11-19,"Monaker Group, Inc. (MKGI) (CIK 0001372183)",,"SEC EDGAR 8-K exhibit EX-10.5, accession 0001580695-20-000415. Filed by Monaker Group, Inc. (MKGI) (CIK 0001372183). Source: https://www.sec.gov/Archives/edgar/data/1372183/000158069520000415/ex10-5.htm"
FOURTH AMENDMENT TO AMENDED AND RESTATED PROMISSORY NOTE,8-K EX-10.5,SEC EDGAR,Legal,Needs Review,2020-11-19,2023-11-19,"Monaker Group, Inc. (MKGI) (CIK 0001372183)",,"SEC EDGAR 8-K exhibit EX-10.5, accession 0001580695-20-000415. Filed by Monaker Group, Inc. (MKGI) (CIK 0001372183). Source: https://www.sec.gov/Archives/edgar/data/1372183/000158069520000415/ex10-5.htm"
FOURTH AMENDMENT TO AMENDED AND RESTATED PROMISSORY NOTE,8-K EX-10.5,SEC EDGAR,Legal,Needs Review,2020-11-19,2023-11-19,"Monaker Group, Inc. (MKGI) (CIK 0001372183)",,"SEC EDGAR 8-K exhibit EX-10.5, accession 0001580695-20-000415. Filed by Monaker Group, Inc. (MKGI) (CIK 0001372183). Source: https://www.sec.gov/Archives/edgar/data/1372183/000158069520000415/ex10-5.htm"
FOURTH AMENDMENT TO AMENDED AND RESTATED PROMISSORY NOTE,8-K EX-10.5,SEC EDGAR,Legal,Needs Review,2020-11-19,2023-11-19,"Monaker Group, Inc. (MKGI) (CIK 0001372183)",,"SEC EDGAR 8-K exhibit EX-10.5, accession 0001580695-20-000415. Filed by Monaker Group, Inc. (MKGI) (CIK 0001372183). Source: https://www.sec.gov/Archives/edgar/data/1372183/000158069520000415/ex10-5.htm"
FOURTH AMENDMENT TO AMENDED AND RESTATED PROMISSORY NOTE,8-K EX-10.5,SEC EDGAR,Legal,Needs Review,2020-11-19,2023-11-19,"Monaker Group, Inc. (MKGI) (CIK 0001372183)",,"SEC EDGAR 8-K exhibit EX-10.5, accession 0001580695-20-000415. Filed by Monaker Group, Inc. (MKGI) (CIK 0001372183). Source: https://www.sec.gov/Archives/edgar/data/1372183/000158069520000415/ex10-5.htm"
FOURTH AMENDMENT TO AMENDED AND RESTATED PROMISSORY NOTE,8-K EX-10.5,SEC EDGAR,Legal,Needs Review,2020-11-19,2023-11-19,"Monaker Group, Inc. (MKGI) (CIK 0001372183)",,"SEC EDGAR 8-K exhibit EX-10.5, accession 0001580695-20-000415. Filed by Monaker Group, Inc. (MKGI) (CIK 0001372183). Source: https://www.sec.gov/Archives/edgar/data/1372183/000158069520000415/ex10-5.htm"
THIRD AMENDMENT TO MONACO TRUST NOTE,8-K EX-10.5,SEC EDGAR,Legal,Needs Review,2020-11-06,2023-11-06,"Monaker Group, Inc. (MKGI) (CIK 0001372183)",,"SEC EDGAR 8-K exhibit EX-10.5, accession 0001387131-20-009670. Filed by Monaker Group, Inc. (MKGI) (CIK 0001372183). Source: https://www.sec.gov/Archives/edgar/data/1372183/000138713120009670/ex10-5.htm"
THIRD AMENDMENT TO MONACO TRUST NOTE,8-K EX-10.5,SEC EDGAR,Legal,Needs Review,2020-11-06,2023-11-06,"Monaker Group, Inc. (MKGI) (CIK 0001372183)",,"SEC EDGAR 8-K exhibit EX-10.5, accession 0001387131-20-009670. Filed by Monaker Group, Inc. (MKGI) (CIK 0001372183). Source: https://www.sec.gov/Archives/edgar/data/1372183/000138713120009670/ex10-5.htm"
THIRD AMENDMENT TO MONACO TRUST NOTE,8-K EX-10.5,SEC EDGAR,Legal,Needs Review,2020-11-06,2023-11-06,"Monaker Group, Inc. (MKGI) (CIK 0001372183)",,"SEC EDGAR 8-K exhibit EX-10.5, accession 0001387131-20-009670. Filed by Monaker Group, Inc. (MKGI) (CIK 0001372183). Source: https://www.sec.gov/Archives/edgar/data/1372183/000138713120009670/ex10-5.htm"
THIRD AMENDMENT TO MONACO TRUST NOTE,8-K EX-10.5,SEC EDGAR,Legal,Needs Review,2020-11-06,2023-11-06,"Monaker Group, Inc. (MKGI) (CIK 0001372183)",,"SEC EDGAR 8-K exhibit EX-10.5, accession 0001387131-20-009670. Filed by Monaker Group, Inc. (MKGI) (CIK 0001372183). Source: https://www.sec.gov/Archives/edgar/data/1372183/000138713120009670/ex10-5.htm"
THIRD AMENDMENT TO MONACO TRUST NOTE,8-K EX-10.5,SEC EDGAR,Legal,Needs Review,2020-11-06,2023-11-06,"Monaker Group, Inc. (MKGI) (CIK 0001372183)",,"SEC EDGAR 8-K exhibit EX-10.5, accession 0001387131-20-009670. Filed by Monaker Group, Inc. (MKGI) (CIK 0001372183). Source: https://www.sec.gov/Archives/edgar/data/1372183/000138713120009670/ex10-5.htm"
THIRD AMENDMENT TO MONACO TRUST NOTE,8-K EX-10.5,SEC EDGAR,Legal,Needs Review,2020-11-06,2023-11-06,"Monaker Group, Inc. (MKGI) (CIK 0001372183)",,"SEC EDGAR 8-K exhibit EX-10.5, accession 0001387131-20-009670. Filed by Monaker Group, Inc. (MKGI) (CIK 0001372183). Source: https://www.sec.gov/Archives/edgar/data/1372183/000138713120009670/ex10-5.htm"
"SECOND AMENDMENT TO PROMISSORY NOTE ($25,000)",8-K EX-10.6,SEC EDGAR,Legal,Needs Review,2020-03-30,2023-03-30,"Monaker Group, Inc. (MKGI) (CIK 0001372183)",,"SEC EDGAR 8-K exhibit EX-10.6, accession 0001580695-20-000144. Filed by Monaker Group, Inc. (MKGI) (CIK 0001372183). Source: https://www.sec.gov/Archives/edgar/data/1372183/000158069520000144/ex10-6.htm"
"SECOND AMENDMENT TO PROMISSORY NOTE ($25,000)",8-K EX-10.6,SEC EDGAR,Legal,Needs Review,2020-03-30,2023-03-30,"Monaker Group, Inc. (MKGI) (CIK 0001372183)",,"SEC EDGAR 8-K exhibit EX-10.6, accession 0001580695-20-000144. Filed by Monaker Group, Inc. (MKGI) (CIK 0001372183). Source: https://www.sec.gov/Archives/edgar/data/1372183/000158069520000144/ex10-6.htm"
"SECOND AMENDMENT TO PROMISSORY NOTE ($25,000)",8-K EX-10.6,SEC EDGAR,Legal,Needs Review,2020-03-30,2023-03-30,"Monaker Group, Inc. (MKGI) (CIK 0001372183)",,"SEC EDGAR 8-K exhibit EX-10.6, accession 0001580695-20-000144. Filed by Monaker Group, Inc. (MKGI) (CIK 0001372183). Source: https://www.sec.gov/Archives/edgar/data/1372183/000158069520000144/ex10-6.htm"
"SECOND AMENDMENT TO PROMISSORY NOTE ($25,000)",8-K EX-10.6,SEC EDGAR,Legal,Needs Review,2020-03-30,2023-03-30,"Monaker Group, Inc. (MKGI) (CIK 0001372183)",,"SEC EDGAR 8-K exhibit EX-10.6, accession 0001580695-20-000144. Filed by Monaker Group, Inc. (MKGI) (CIK 0001372183). Source: https://www.sec.gov/Archives/edgar/data/1372183/000158069520000144/ex10-6.htm"
"SECOND AMENDMENT TO PROMISSORY NOTE ($25,000)",8-K EX-10.6,SEC EDGAR,Legal,Needs Review,2020-03-30,2023-03-30,"Monaker Group, Inc. (MKGI) (CIK 0001372183)",,"SEC EDGAR 8-K exhibit EX-10.6, accession 0001580695-20-000144. Filed by Monaker Group, Inc. (MKGI) (CIK 0001372183). Source: https://www.sec.gov/Archives/edgar/data/1372183/000158069520000144/ex10-6.htm"
"SECOND AMENDMENT TO PROMISSORY NOTE ($25,000)",8-K EX-10.6,SEC EDGAR,Legal,Needs Review,2020-03-30,2023-03-30,"Monaker Group, Inc. (MKGI) (CIK 0001372183)",,"SEC EDGAR 8-K exhibit EX-10.6, accession 0001580695-20-000144. Filed by Monaker Group, Inc. (MKGI) (CIK 0001372183). Source: https://www.sec.gov/Archives/edgar/data/1372183/000158069520000144/ex10-6.htm"
"SECOND AMENDMENT TO PROMISSORY NOTE ($150,000)",8-K EX-10.9,SEC EDGAR,Legal,Needs Review,2020-03-30,2023-03-30,"Monaker Group, Inc. (MKGI) (CIK 0001372183)",,"SEC EDGAR 8-K exhibit EX-10.9, accession 0001580695-20-000144. Filed by Monaker Group, Inc. (MKGI) (CIK 0001372183). Source: https://www.sec.gov/Archives/edgar/data/1372183/000158069520000144/ex10-9.htm"
"SECOND AMENDMENT TO PROMISSORY NOTE ($150,000)",8-K EX-10.9,SEC EDGAR,Legal,Needs Review,2020-03-30,2023-03-30,"Monaker Group, Inc. (MKGI) (CIK 0001372183)",,"SEC EDGAR 8-K exhibit EX-10.9, accession 0001580695-20-000144. Filed by Monaker Group, Inc. (MKGI) (CIK 0001372183). Source: https://www.sec.gov/Archives/edgar/data/1372183/000158069520000144/ex10-9.htm"
"SECOND AMENDMENT TO PROMISSORY NOTE ($150,000)",8-K EX-10.9,SEC EDGAR,Legal,Needs Review,2020-03-30,2023-03-30,"Monaker Group, Inc. (MKGI) (CIK 0001372183)",,"SEC EDGAR 8-K exhibit EX-10.9, accession 0001580695-20-000144. Filed by Monaker Group, Inc. (MKGI) (CIK 0001372183). Source: https://www.sec.gov/Archives/edgar/data/1372183/000158069520000144/ex10-9.htm"
"SECOND AMENDMENT TO PROMISSORY NOTE ($150,000)",8-K EX-10.9,SEC EDGAR,Legal,Needs Review,2020-03-30,2023-03-30,"Monaker Group, Inc. (MKGI) (CIK 0001372183)",,"SEC EDGAR 8-K exhibit EX-10.9, accession 0001580695-20-000144. Filed by Monaker Group, Inc. (MKGI) (CIK 0001372183). Source: https://www.sec.gov/Archives/edgar/data/1372183/000158069520000144/ex10-9.htm"
"SECOND AMENDMENT TO PROMISSORY NOTE ($150,000)",8-K EX-10.9,SEC EDGAR,Legal,Needs Review,2020-03-30,2023-03-30,"Monaker Group, Inc. (MKGI) (CIK 0001372183)",,"SEC EDGAR 8-K exhibit EX-10.9, accession 0001580695-20-000144. Filed by Monaker Group, Inc. (MKGI) (CIK 0001372183). Source: https://www.sec.gov/Archives/edgar/data/1372183/000158069520000144/ex10-9.htm"
"SECOND AMENDMENT TO PROMISSORY NOTE ($150,000)",8-K EX-10.9,SEC EDGAR,Legal,Needs Review,2020-03-30,2023-03-30,"Monaker Group, Inc. (MKGI) (CIK 0001372183)",,"SEC EDGAR 8-K exhibit EX-10.9, accession 0001580695-20-000144. Filed by Monaker Group, Inc. (MKGI) (CIK 0001372183). Source: https://www.sec.gov/Archives/edgar/data/1372183/000158069520000144/ex10-9.htm"
"SECOND AMENDMENT TO PROMISSORY NOTE ($150,000)",8-K EX-10.9,SEC EDGAR,Legal,Needs Review,2020-03-30,2023-03-30,"Monaker Group, Inc. (MKGI) (CIK 0001372183)",,"SEC EDGAR 8-K exhibit EX-10.9, accession 0001580695-20-000144. Filed by Monaker Group, Inc. (MKGI) (CIK 0001372183). Source: https://www.sec.gov/Archives/edgar/data/1372183/000158069520000144/ex10-9.htm"
"SECOND AMENDMENT TO PROMISSORY NOTE ($150,000)",8-K EX-10.9,SEC EDGAR,Legal,Needs Review,2020-03-30,2023-03-30,"Monaker Group, Inc. (MKGI) (CIK 0001372183)",,"SEC EDGAR 8-K exhibit EX-10.9, accession 0001580695-20-000144. Filed by Monaker Group, Inc. (MKGI) (CIK 0001372183). Source: https://www.sec.gov/Archives/edgar/data/1372183/000158069520000144/ex10-9.htm"
"SECOND AMENDMENT TO PROMISSORY NOTE ($150,000)",8-K EX-10.9,SEC EDGAR,Legal,Needs Review,2020-03-30,2023-03-30,"Monaker Group, Inc. (MKGI) (CIK 0001372183)",,"SEC EDGAR 8-K exhibit EX-10.9, accession 0001580695-20-000144. Filed by Monaker Group, Inc. (MKGI) (CIK 0001372183). Source: https://www.sec.gov/Archives/edgar/data/1372183/000158069520000144/ex10-9.htm"
"SECOND AMENDMENT TO PROMISSORY NOTE ($150,000)",8-K EX-10.9,SEC EDGAR,Legal,Needs Review,2020-03-30,2023-03-30,"Monaker Group, Inc. (MKGI) (CIK 0001372183)",,"SEC EDGAR 8-K exhibit EX-10.9, accession 0001580695-20-000144. Filed by Monaker Group, Inc. (MKGI) (CIK 0001372183). Source: https://www.sec.gov/Archives/edgar/data/1372183/000158069520000144/ex10-9.htm"
SECOND AMENDMENT TO AMENDED PROMISSORY NOTE,10-Q EX-10.4,SEC EDGAR,Legal,Needs Review,2019-10-15,2022-10-14,"Monaker Group, Inc. (MKGI) (CIK 0001372183)",,"SEC EDGAR 10-Q exhibit EX-10.4, accession 0001580695-19-000413. Filed by Monaker Group, Inc. (MKGI) (CIK 0001372183). Source: https://www.sec.gov/Archives/edgar/data/1372183/000158069519000413/ex10-4.htm"
SECOND AMENDMENT TO AMENDED PROMISSORY NOTE,10-Q EX-10.4,SEC EDGAR,Legal,Needs Review,2019-10-15,2022-10-14,"Monaker Group, Inc. (MKGI) (CIK 0001372183)",,"SEC EDGAR 10-Q exhibit EX-10.4, accession 0001580695-19-000413. Filed by Monaker Group, Inc. (MKGI) (CIK 0001372183). Source: https://www.sec.gov/Archives/edgar/data/1372183/000158069519000413/ex10-4.htm"
SECOND AMENDMENT TO AMENDED PROMISSORY NOTE,10-Q EX-10.4,SEC EDGAR,Legal,Needs Review,2019-10-15,2022-10-14,"Monaker Group, Inc. (MKGI) (CIK 0001372183)",,"SEC EDGAR 10-Q exhibit EX-10.4, accession 0001580695-19-000413. Filed by Monaker Group, Inc. (MKGI) (CIK 0001372183). Source: https://www.sec.gov/Archives/edgar/data/1372183/000158069519000413/ex10-4.htm"
SECOND AMENDMENT TO AMENDED PROMISSORY NOTE,10-Q EX-10.4,SEC EDGAR,Legal,Needs Review,2019-10-15,2022-10-14,"Monaker Group, Inc. (MKGI) (CIK 0001372183)",,"SEC EDGAR 10-Q exhibit EX-10.4, accession 0001580695-19-000413. Filed by Monaker Group, Inc. (MKGI) (CIK 0001372183). Source: https://www.sec.gov/Archives/edgar/data/1372183/000158069519000413/ex10-4.htm"
SECOND AMENDMENT TO AMENDED PROMISSORY NOTE,10-Q EX-10.4,SEC EDGAR,Legal,Needs Review,2019-10-15,2022-10-14,"Monaker Group, Inc. (MKGI) (CIK 0001372183)",,"SEC EDGAR 10-Q exhibit EX-10.4, accession 0001580695-19-000413. Filed by Monaker Group, Inc. (MKGI) (CIK 0001372183). Source: https://www.sec.gov/Archives/edgar/data/1372183/000158069519000413/ex10-4.htm"
SECOND AMENDMENT TO AMENDED PROMISSORY NOTE,10-Q EX-10.4,SEC EDGAR,Legal,Needs Review,2019-10-15,2022-10-14,"Monaker Group, Inc. (MKGI) (CIK 0001372183)",,"SEC EDGAR 10-Q exhibit EX-10.4, accession 0001580695-19-000413. Filed by Monaker Group, Inc. (MKGI) (CIK 0001372183). Source: https://www.sec.gov/Archives/edgar/data/1372183/000158069519000413/ex10-4.htm"
"FIRST AMENDMENT TO AMENDED AND RESTATED EMPLOYMENT AGREEMENT WITH ANH TRAN (JUNE 30, 2015)",8-K EX-10.3,SEC EDGAR,Legal,Needs Review,2015-08-03,2018-08-02,JAMMIN JAVA CORP. (CIK 0001334586),,"SEC EDGAR 8-K exhibit EX-10.3, accession 0001214782-15-000084. Filed by JAMMIN JAVA CORP. (CIK 0001334586). Source: https://www.sec.gov/Archives/edgar/data/1334586/000121478215000084/ex10-3.htm"
"FIRST AMENDMENT TO AMENDED AND RESTATED EMPLOYMENT AGREEMENT WITH ANH TRAN (JUNE 30, 2015)",8-K EX-10.3,SEC EDGAR,Legal,Needs Review,2015-08-03,2018-08-02,JAMMIN JAVA CORP. (CIK 0001334586),,"SEC EDGAR 8-K exhibit EX-10.3, accession 0001214782-15-000084. Filed by JAMMIN JAVA CORP. (CIK 0001334586). Source: https://www.sec.gov/Archives/edgar/data/1334586/000121478215000084/ex10-3.htm"
"FIRST AMENDMENT TO AMENDED AND RESTATED EMPLOYMENT AGREEMENT WITH ANH TRAN (JUNE 30, 2015)",8-K EX-10.3,SEC EDGAR,Legal,Needs Review,2015-08-03,2018-08-02,JAMMIN JAVA CORP. (CIK 0001334586),,"SEC EDGAR 8-K exhibit EX-10.3, accession 0001214782-15-000084. Filed by JAMMIN JAVA CORP. (CIK 0001334586). Source: https://www.sec.gov/Archives/edgar/data/1334586/000121478215000084/ex10-3.htm"
"FIRST AMENDMENT TO AMENDED AND RESTATED EMPLOYMENT AGREEMENT WITH ANH TRAN (JUNE 30, 2015)",8-K EX-10.3,SEC EDGAR,Legal,Needs Review,2015-08-03,2018-08-02,JAMMIN JAVA CORP. (CIK 0001334586),,"SEC EDGAR 8-K exhibit EX-10.3, accession 0001214782-15-000084. Filed by JAMMIN JAVA CORP. (CIK 0001334586). Source: https://www.sec.gov/Archives/edgar/data/1334586/000121478215000084/ex10-3.htm"
"FIRST AMENDMENT TO AMENDED AND RESTATED EMPLOYMENT AGREEMENT WITH ANH TRAN (JUNE 30, 2015)",8-K EX-10.3,SEC EDGAR,Legal,Needs Review,2015-08-03,2018-08-02,JAMMIN JAVA CORP. (CIK 0001334586),,"SEC EDGAR 8-K exhibit EX-10.3, accession 0001214782-15-000084. Filed by JAMMIN JAVA CORP. (CIK 0001334586). Source: https://www.sec.gov/Archives/edgar/data/1334586/000121478215000084/ex10-3.htm"
"FIRST AMENDMENT TO AMENDED AND RESTATED EMPLOYMENT AGREEMENT WITH ANH TRAN (JUNE 30, 2015)",8-K EX-10.3,SEC EDGAR,Legal,Needs Review,2015-08-03,2018-08-02,JAMMIN JAVA CORP. (CIK 0001334586),,"SEC EDGAR 8-K exhibit EX-10.3, accession 0001214782-15-000084. Filed by JAMMIN JAVA CORP. (CIK 0001334586). Source: https://www.sec.gov/Archives/edgar/data/1334586/000121478215000084/ex10-3.htm"
"FIRST AMENDMENT TO AMENDED AND RESTATED EMPLOYMENT AGREEMENT WITH ANH TRAN (JUNE 30, 2015)",8-K EX-10.3,SEC EDGAR,Legal,Needs Review,2015-08-03,2018-08-02,JAMMIN JAVA CORP. (CIK 0001334586),,"SEC EDGAR 8-K exhibit EX-10.3, accession 0001214782-15-000084. Filed by JAMMIN JAVA CORP. (CIK 0001334586). Source: https://www.sec.gov/Archives/edgar/data/1334586/000121478215000084/ex10-3.htm"
"FIRST AMENDMENT TO AMENDED AND RESTATED EMPLOYMENT AGREEMENT WITH BRENT TOEVS (JUNE 30, 2015)",8-K EX-10.2,SEC EDGAR,Legal,Needs Review,2015-08-03,2018-08-02,JAMMIN JAVA CORP. (CIK 0001334586),,"SEC EDGAR 8-K exhibit EX-10.2, accession 0001214782-15-000084. Filed by JAMMIN JAVA CORP. (CIK 0001334586). Source: https://www.sec.gov/Archives/edgar/data/1334586/000121478215000084/ex10-2.htm"
"FIRST AMENDMENT TO AMENDED AND RESTATED EMPLOYMENT AGREEMENT WITH BRENT TOEVS (JUNE 30, 2015)",8-K EX-10.2,SEC EDGAR,Legal,Needs Review,2015-08-03,2018-08-02,JAMMIN JAVA CORP. (CIK 0001334586),,"SEC EDGAR 8-K exhibit EX-10.2, accession 0001214782-15-000084. Filed by JAMMIN JAVA CORP. (CIK 0001334586). Source: https://www.sec.gov/Archives/edgar/data/1334586/000121478215000084/ex10-2.htm"
"FIRST AMENDMENT TO AMENDED AND RESTATED EMPLOYMENT AGREEMENT WITH BRENT TOEVS (JUNE 30, 2015)",8-K EX-10.2,SEC EDGAR,Legal,Needs Review,2015-08-03,2018-08-02,JAMMIN JAVA CORP. (CIK 0001334586),,"SEC EDGAR 8-K exhibit EX-10.2, accession 0001214782-15-000084. Filed by JAMMIN JAVA CORP. (CIK 0001334586). Source: https://www.sec.gov/Archives/edgar/data/1334586/000121478215000084/ex10-2.htm"
"FIRST AMENDMENT TO AMENDED AND RESTATED EMPLOYMENT AGREEMENT WITH BRENT TOEVS (JUNE 30, 2015)",8-K EX-10.2,SEC EDGAR,Legal,Needs Review,2015-08-03,2018-08-02,JAMMIN JAVA CORP. (CIK 0001334586),,"SEC EDGAR 8-K exhibit EX-10.2, accession 0001214782-15-000084. Filed by JAMMIN JAVA CORP. (CIK 0001334586). Source: https://www.sec.gov/Archives/edgar/data/1334586/000121478215000084/ex10-2.htm"
AMENDMENT TO THE AGREEMENT BY AND BETWEEN GLOBALSTAR LLC AND GLOBALNET CORPORATION,8-K EX-10.6,SEC EDGAR,Legal,Needs Review,2014-12-16,2017-12-15,"Great West Resources, Inc. (OSAT) (CIK 0001058307)",,"SEC EDGAR 8-K exhibit EX-10.6, accession 0001415889-14-003904. Filed by Great West Resources, Inc. (OSAT) (CIK 0001058307). Source: https://www.sec.gov/Archives/edgar/data/1058307/000141588914003904/ex10-6.htm"
AMENDMENT TO THE AGREEMENT BY AND BETWEEN GLOBALSTAR LLC AND GLOBALNET CORPORATION,8-K EX-10.6,SEC EDGAR,Legal,Needs Review,2014-12-16,2017-12-15,"Great West Resources, Inc. (OSAT) (CIK 0001058307)",,"SEC EDGAR 8-K exhibit EX-10.6, accession 0001415889-14-003904. Filed by Great West Resources, Inc. (OSAT) (CIK 0001058307). Source: https://www.sec.gov/Archives/edgar/data/1058307/000141588914003904/ex10-6.htm"
AMENDMENT TO THE AGREEMENT BY AND BETWEEN GLOBALSTAR LLC AND GLOBALNET CORPORATION,8-K EX-10.6,SEC EDGAR,Legal,Needs Review,2014-12-16,2017-12-15,"Great West Resources, Inc. (OSAT) (CIK 0001058307)",,"SEC EDGAR 8-K exhibit EX-10.6, accession 0001415889-14-003904. Filed by Great West Resources, Inc. (OSAT) (CIK 0001058307). Source: https://www.sec.gov/Archives/edgar/data/1058307/000141588914003904/ex10-6.htm"
AMENDMENT TO THE AGREEMENT BY AND BETWEEN GLOBALSTAR LLC AND GLOBALNET CORPORATION,8-K EX-10.6,SEC EDGAR,Legal,Needs Review,2014-12-16,2017-12-15,"Great West Resources, Inc. (OSAT) (CIK 0001058307)",,"SEC EDGAR 8-K exhibit EX-10.6, accession 0001415889-14-003904. Filed by Great West Resources, Inc. (OSAT) (CIK 0001058307). Source: https://www.sec.gov/Archives/edgar/data/1058307/000141588914003904/ex10-6.htm"
AMENDMENT TO THE AGREEMENT BY AND BETWEEN GLOBALSTAR LLC AND GLOBALNET CORPORATION,8-K EX-10.6,SEC EDGAR,Legal,Needs Review,2014-12-16,2017-12-15,"Great West Resources, Inc. (OSAT) (CIK 0001058307)",,"SEC EDGAR 8-K exhibit EX-10.6, accession 0001415889-14-003904. Filed by Great West Resources, Inc. (OSAT) (CIK 0001058307). Source: https://www.sec.gov/Archives/edgar/data/1058307/000141588914003904/ex10-6.htm"
"FIFTEENTH AMENDMENT TO PROMISSORY NOTES DATED AS OF APRIL 20, 2012 AMONG GROEN BROTHERS AVIATION, INC. AND LENDER A NAMED THEREIN",10-Q EX-10.17,SEC EDGAR,Legal,Needs Review,2012-05-21,2015-05-21,GROEN BROTHERS AVIATION INC /UT/ (CIK 0000870743),,"SEC EDGAR 10-Q exhibit EX-10.17, accession 0001096906-12-001568. Filed by GROEN BROTHERS AVIATION INC /UT/ (CIK 0000870743). Source: https://www.sec.gov/Archives/edgar/data/870743/000109690612001568/ex10-17.htm"
"FIFTEENTH AMENDMENT TO PROMISSORY NOTES DATED AS OF APRIL 20, 2012 AMONG GROEN BROTHERS AVIATION, INC. AND LENDER A NAMED THEREIN",10-Q EX-10.17,SEC EDGAR,Legal,Needs Review,2012-05-21,2015-05-21,GROEN BROTHERS AVIATION INC /UT/ (CIK 0000870743),,"SEC EDGAR 10-Q exhibit EX-10.17, accession 0001096906-12-001568. Filed by GROEN BROTHERS AVIATION INC /UT/ (CIK 0000870743). Source: https://www.sec.gov/Archives/edgar/data/870743/000109690612001568/ex10-17.htm"
"FIFTEENTH AMENDMENT TO PROMISSORY NOTES DATED AS OF APRIL 20, 2012 AMONG GROEN BROTHERS AVIATION, INC. AND LENDER A NAMED THEREIN",10-Q EX-10.17,SEC EDGAR,Legal,Needs Review,2012-05-21,2015-05-21,GROEN BROTHERS AVIATION INC /UT/ (CIK 0000870743),,"SEC EDGAR 10-Q exhibit EX-10.17, accession 0001096906-12-001568. Filed by GROEN BROTHERS AVIATION INC /UT/ (CIK 0000870743). Source: https://www.sec.gov/Archives/edgar/data/870743/000109690612001568/ex10-17.htm"
"FIFTEENTH AMENDMENT TO PROMISSORY NOTES DATED AS OF APRIL 20, 2012 AMONG GROEN BROTHERS AVIATION, INC. AND LENDER B NAMED THEREIN",10-Q EX-10.16,SEC EDGAR,Legal,Needs Review,2012-05-21,2015-05-21,GROEN BROTHERS AVIATION INC /UT/ (CIK 0000870743),,"SEC EDGAR 10-Q exhibit EX-10.16, accession 0001096906-12-001568. Filed by GROEN BROTHERS AVIATION INC /UT/ (CIK 0000870743). Source: https://www.sec.gov/Archives/edgar/data/870743/000109690612001568/ex10-16.htm"
"FIFTEENTH AMENDMENT TO PROMISSORY NOTES DATED AS OF APRIL 20, 2012 AMONG GROEN BROTHERS AVIATION, INC. AND LENDER B NAMED THEREIN",10-Q EX-10.16,SEC EDGAR,Legal,Needs Review,2012-05-21,2015-05-21,GROEN BROTHERS AVIATION INC /UT/ (CIK 0000870743),,"SEC EDGAR 10-Q exhibit EX-10.16, accession 0001096906-12-001568. Filed by GROEN BROTHERS AVIATION INC /UT/ (CIK 0000870743). Source: https://www.sec.gov/Archives/edgar/data/870743/000109690612001568/ex10-16.htm"
"FIFTEENTH AMENDMENT TO PROMISSORY NOTES DATED AS OF APRIL 20, 2012 AMONG GROEN BROTHERS AVIATION, INC. AND LENDER B NAMED THEREIN",10-Q EX-10.16,SEC EDGAR,Legal,Needs Review,2012-05-21,2015-05-21,GROEN BROTHERS AVIATION INC /UT/ (CIK 0000870743),,"SEC EDGAR 10-Q exhibit EX-10.16, accession 0001096906-12-001568. Filed by GROEN BROTHERS AVIATION INC /UT/ (CIK 0000870743). Source: https://www.sec.gov/Archives/edgar/data/870743/000109690612001568/ex10-16.htm"
"FIFTEENTH AMENDMENT TO PROMISSORY NOTES DATED AS OF APRIL 20, 2012 AMONG GROEN BROTHERS AVIATION, INC. AND LENDER A NAMED THEREIN",10-Q EX-10.17,SEC EDGAR,Legal,Needs Review,2012-05-21,2015-05-21,GROEN BROTHERS AVIATION INC /UT/ (CIK 0000870743),,"SEC EDGAR 10-Q exhibit EX-10.17, accession 0001096906-12-001568. Filed by GROEN BROTHERS AVIATION INC /UT/ (CIK 0000870743). Source: https://www.sec.gov/Archives/edgar/data/870743/000109690612001568/ex10-17.htm"
"FIFTEENTH AMENDMENT TO PROMISSORY NOTES DATED AS OF APRIL 20, 2012 AMONG GROEN BROTHERS AVIATION, INC. AND LENDER A NAMED THEREIN",10-Q EX-10.17,SEC EDGAR,Legal,Needs Review,2012-05-21,2015-05-21,GROEN BROTHERS AVIATION INC /UT/ (CIK 0000870743),,"SEC EDGAR 10-Q exhibit EX-10.17, accession 0001096906-12-001568. Filed by GROEN BROTHERS AVIATION INC /UT/ (CIK 0000870743). Source: https://www.sec.gov/Archives/edgar/data/870743/000109690612001568/ex10-17.htm"
"PURCHASER'S ELECTION TO TERMINATE SALES CONTRACT DATED APRIL 3, 2012 BETWEEN KENT TEXAS PROPERTIES, LLC AND ANDREWS-DILLINGHAM PROPERTIES, LTD.",8-K EX-10.2,SEC EDGAR,Legal,Needs Review,2012-05-04,2015-05-04,KENT FINANCIAL SERVICES INC (CIK 0000316028),,"SEC EDGAR 8-K exhibit EX-10.2, accession 0001096906-12-001190. Filed by KENT FINANCIAL SERVICES INC (CIK 0000316028). Source: https://www.sec.gov/Archives/edgar/data/316028/000109690612001190/ex10-2.htm"
"PURCHASER'S ELECTION TO TERMINATE SALES CONTRACT DATED APRIL 3, 2012 BETWEEN KENT TEXAS PROPERTIES, LLC AND ANDREWS-DILLINGHAM PROPERTIES, LTD.",8-K EX-10.2,SEC EDGAR,Legal,Needs Review,2012-05-04,2015-05-04,KENT FINANCIAL SERVICES INC (CIK 0000316028),,"SEC EDGAR 8-K exhibit EX-10.2, accession 0001096906-12-001190. Filed by KENT FINANCIAL SERVICES INC (CIK 0000316028). Source: https://www.sec.gov/Archives/edgar/data/316028/000109690612001190/ex10-2.htm"
"PURCHASER'S ELECTION TO TERMINATE SALES CONTRACT DATED APRIL 3, 2012 BETWEEN KENT TEXAS PROPERTIES, LLC AND ANDREWS-DILLINGHAM PROPERTIES, LTD.",8-K EX-10.2,SEC EDGAR,Legal,Needs Review,2012-05-04,2015-05-04,KENT FINANCIAL SERVICES INC (CIK 0000316028),,"SEC EDGAR 8-K exhibit EX-10.2, accession 0001096906-12-001190. Filed by KENT FINANCIAL SERVICES INC (CIK 0000316028). Source: https://www.sec.gov/Archives/edgar/data/316028/000109690612001190/ex10-2.htm"
"PURCHASER'S ELECTION TO TERMINATE SALES CONTRACT DATED APRIL 3, 2012 BETWEEN KENT TEXAS PROPERTIES, LLC AND ANDREWS-DILLINGHAM PROPERTIES, LTD.",8-K EX-10.2,SEC EDGAR,Legal,Needs Review,2012-05-04,2015-05-04,KENT FINANCIAL SERVICES INC (CIK 0000316028),,"SEC EDGAR 8-K exhibit EX-10.2, accession 0001096906-12-001190. Filed by KENT FINANCIAL SERVICES INC (CIK 0000316028). Source: https://www.sec.gov/Archives/edgar/data/316028/000109690612001190/ex10-2.htm"
"PURCHASER'S ELECTION TO TERMINATE SALES CONTRACT DATED APRIL 3, 2012 BETWEEN KENT TEXAS PROPERTIES, LLC AND ANDREWS-DILLINGHAM PROPERTIES, LTD.",8-K EX-10.2,SEC EDGAR,Legal,Needs Review,2012-05-04,2015-05-04,KENT FINANCIAL SERVICES INC (CIK 0000316028),,"SEC EDGAR 8-K exhibit EX-10.2, accession 0001096906-12-001190. Filed by KENT FINANCIAL SERVICES INC (CIK 0000316028). Source: https://www.sec.gov/Archives/edgar/data/316028/000109690612001190/ex10-2.htm"
DEFINITIVE AGREEMENT REFERENCE,8-K/A EX-10.1,SEC EDGAR,Legal,Needs Review,2012-01-19,2015-01-18,"CLEAN TRANSPORTATION GROUP, INC. (CIK 0001373792)",,"SEC EDGAR 8-K/A exhibit EX-10.1, accession 0000931731-12-000016. Filed by CLEAN TRANSPORTATION GROUP, INC. (CIK 0001373792). Source: https://www.sec.gov/Archives/edgar/data/1373792/000093173112000016/ex10-1defagree.htm"
DEFINITIVE AGREEMENT REFERENCE,8-K/A EX-10.1,SEC EDGAR,Legal,Needs Review,2012-01-19,2015-01-18,"CLEAN TRANSPORTATION GROUP, INC. (CIK 0001373792)",,"SEC EDGAR 8-K/A exhibit EX-10.1, accession 0000931731-12-000016. Filed by CLEAN TRANSPORTATION GROUP, INC. (CIK 0001373792). Source: https://www.sec.gov/Archives/edgar/data/1373792/000093173112000016/ex10-1defagree.htm"
AMENDED PROMISSORY NOTE REFERENCE,8-K/A EX-10.3,SEC EDGAR,Legal,Needs Review,2012-01-19,2015-01-18,"CLEAN TRANSPORTATION GROUP, INC. (CIK 0001373792)",,"SEC EDGAR 8-K/A exhibit EX-10.3, accession 0000931731-12-000016. Filed by CLEAN TRANSPORTATION GROUP, INC. (CIK 0001373792). Source: https://www.sec.gov/Archives/edgar/data/1373792/000093173112000016/ex10-3amendedpromissorynote.htm"
AMENDED PROMISSORY NOTE REFERENCE,8-K/A EX-10.3,SEC EDGAR,Legal,Needs Review,2012-01-19,2015-01-18,"CLEAN TRANSPORTATION GROUP, INC. (CIK 0001373792)",,"SEC EDGAR 8-K/A exhibit EX-10.3, accession 0000931731-12-000016. Filed by CLEAN TRANSPORTATION GROUP, INC. (CIK 0001373792). Source: https://www.sec.gov/Archives/edgar/data/1373792/000093173112000016/ex10-3amendedpromissorynote.htm"
AMENDED PROMISSORY NOTE REFERENCE,8-K/A EX-10.3,SEC EDGAR,Legal,Needs Review,2012-01-19,2015-01-18,"CLEAN TRANSPORTATION GROUP, INC. (CIK 0001373792)",,"SEC EDGAR 8-K/A exhibit EX-10.3, accession 0000931731-12-000016. Filed by CLEAN TRANSPORTATION GROUP, INC. (CIK 0001373792). Source: https://www.sec.gov/Archives/edgar/data/1373792/000093173112000016/ex10-3amendedpromissorynote.htm"
AMENDED PROMISSORY NOTE REFERENCE,8-K/A EX-10.3,SEC EDGAR,Legal,Needs Review,2012-01-19,2015-01-18,"CLEAN TRANSPORTATION GROUP, INC. (CIK 0001373792)",,"SEC EDGAR 8-K/A exhibit EX-10.3, accession 0000931731-12-000016. Filed by CLEAN TRANSPORTATION GROUP, INC. (CIK 0001373792). Source: https://www.sec.gov/Archives/edgar/data/1373792/000093173112000016/ex10-3amendedpromissorynote.htm"
AMENDED PROMISSORY NOTE REFERENCE,8-K/A EX-10.3,SEC EDGAR,Legal,Needs Review,2012-01-19,2015-01-18,"CLEAN TRANSPORTATION GROUP, INC. (CIK 0001373792)",,"SEC EDGAR 8-K/A exhibit EX-10.3, accession 0000931731-12-000016. Filed by CLEAN TRANSPORTATION GROUP, INC. (CIK 0001373792). Source: https://www.sec.gov/Archives/edgar/data/1373792/000093173112000016/ex10-3amendedpromissorynote.htm"
AMENDED PROMISSORY NOTE REFERENCE,8-K/A EX-10.3,SEC EDGAR,Legal,Needs Review,2012-01-19,2015-01-18,"CLEAN TRANSPORTATION GROUP, INC. (CIK 0001373792)",,"SEC EDGAR 8-K/A exhibit EX-10.3, accession 0000931731-12-000016. Filed by CLEAN TRANSPORTATION GROUP, INC. (CIK 0001373792). Source: https://www.sec.gov/Archives/edgar/data/1373792/000093173112000016/ex10-3amendedpromissorynote.htm"
AMENDED PROMISSORY NOTE REFERENCE,8-K/A EX-10.3,SEC EDGAR,Legal,Needs Review,2012-01-19,2015-01-18,"CLEAN TRANSPORTATION GROUP, INC. (CIK 0001373792)",,"SEC EDGAR 8-K/A exhibit EX-10.3, accession 0000931731-12-000016. Filed by CLEAN TRANSPORTATION GROUP, INC. (CIK 0001373792). Source: https://www.sec.gov/Archives/edgar/data/1373792/000093173112000016/ex10-3amendedpromissorynote.htm"
AMENDED PROMISSORY NOTE REFERENCE,8-K/A EX-10.3,SEC EDGAR,Legal,Needs Review,2012-01-19,2015-01-18,"CLEAN TRANSPORTATION GROUP, INC. (CIK 0001373792)",,"SEC EDGAR 8-K/A exhibit EX-10.3, accession 0000931731-12-000016. Filed by CLEAN TRANSPORTATION GROUP, INC. (CIK 0001373792). Source: https://www.sec.gov/Archives/edgar/data/1373792/000093173112000016/ex10-3amendedpromissorynote.htm"
AMENDED PROMISSORY NOTE REFERENCE,8-K/A EX-10.3,SEC EDGAR,Legal,Needs Review,2012-01-19,2015-01-18,"CLEAN TRANSPORTATION GROUP, INC. (CIK 0001373792)",,"SEC EDGAR 8-K/A exhibit EX-10.3, accession 0000931731-12-000016. Filed by CLEAN TRANSPORTATION GROUP, INC. (CIK 0001373792). Source: https://www.sec.gov/Archives/edgar/data/1373792/000093173112000016/ex10-3amendedpromissorynote.htm"
AMENDED PROMISSORY NOTE REFERENCE,8-K/A EX-10.3,SEC EDGAR,Legal,Needs Review,2012-01-13,2015-01-12,"CLEAN TRANSPORTATION GROUP, INC. (CIK 0001373792)",,"SEC EDGAR 8-K/A exhibit EX-10.3, accession 0000931731-12-000009. Filed by CLEAN TRANSPORTATION GROUP, INC. (CIK 0001373792). Source: https://www.sec.gov/Archives/edgar/data/1373792/000093173112000009/ex10-3amendedpromissorynote.htm"
AMENDED PROMISSORY NOTE REFERENCE,8-K/A EX-10.3,SEC EDGAR,Legal,Needs Review,2012-01-13,2015-01-12,"CLEAN TRANSPORTATION GROUP, INC. (CIK 0001373792)",,"SEC EDGAR 8-K/A exhibit EX-10.3, accession 0000931731-12-000009. Filed by CLEAN TRANSPORTATION GROUP, INC. (CIK 0001373792). Source: https://www.sec.gov/Archives/edgar/data/1373792/000093173112000009/ex10-3amendedpromissorynote.htm"
AMENDED PROMISSORY NOTE REFERENCE,8-K/A EX-10.3,SEC EDGAR,Legal,Needs Review,2012-01-13,2015-01-12,"CLEAN TRANSPORTATION GROUP, INC. (CIK 0001373792)",,"SEC EDGAR 8-K/A exhibit EX-10.3, accession 0000931731-12-000009. Filed by CLEAN TRANSPORTATION GROUP, INC. (CIK 0001373792). Source: https://www.sec.gov/Archives/edgar/data/1373792/000093173112000009/ex10-3amendedpromissorynote.htm"
DEFINITIVE AGREEMENT REFERENCE,8-K/A EX-10.1,SEC EDGAR,Legal,Needs Review,2012-01-13,2015-01-12,"CLEAN TRANSPORTATION GROUP, INC. (CIK 0001373792)",,"SEC EDGAR 8-K/A exhibit EX-10.1, accession 0000931731-12-000009. Filed by CLEAN TRANSPORTATION GROUP, INC. (CIK 0001373792). Source: https://www.sec.gov/Archives/edgar/data/1373792/000093173112000009/ex10-1defagree.htm"
DEFINITIVE AGREEMENT REFERENCE,8-K/A EX-10.1,SEC EDGAR,Legal,Needs Review,2012-01-13,2015-01-12,"CLEAN TRANSPORTATION GROUP, INC. (CIK 0001373792)",,"SEC EDGAR 8-K/A exhibit EX-10.1, accession 0000931731-12-000009. Filed by CLEAN TRANSPORTATION GROUP, INC. (CIK 0001373792). Source: https://www.sec.gov/Archives/edgar/data/1373792/000093173112000009/ex10-1defagree.htm"
DEFINITIVE AGREEMENT REFERENCE,8-K/A EX-10.1,SEC EDGAR,Legal,Needs Review,2012-01-13,2015-01-12,"CLEAN TRANSPORTATION GROUP, INC. (CIK 0001373792)",,"SEC EDGAR 8-K/A exhibit EX-10.1, accession 0000931731-12-000009. Filed by CLEAN TRANSPORTATION GROUP, INC. (CIK 0001373792). Source: https://www.sec.gov/Archives/edgar/data/1373792/000093173112000009/ex10-1defagree.htm"
DEFINITIVE AGREEMENT REFERENCE,8-K/A EX-10.1,SEC EDGAR,Legal,Needs Review,2012-01-13,2015-01-12,"CLEAN TRANSPORTATION GROUP, INC. (CIK 0001373792)",,"SEC EDGAR 8-K/A exhibit EX-10.1, accession 0000931731-12-000009. Filed by CLEAN TRANSPORTATION GROUP, INC. (CIK 0001373792). Source: https://www.sec.gov/Archives/edgar/data/1373792/000093173112000009/ex10-1defagree.htm"
DEFINITIVE AGREEMENT REFERENCE,8-K/A EX-10.1,SEC EDGAR,Legal,Needs Review,2012-01-13,2015-01-12,"CLEAN TRANSPORTATION GROUP, INC. (CIK 0001373792)",,"SEC EDGAR 8-K/A exhibit EX-10.1, accession 0000931731-12-000009. Filed by CLEAN TRANSPORTATION GROUP, INC. (CIK 0001373792). Source: https://www.sec.gov/Archives/edgar/data/1373792/000093173112000009/ex10-1defagree.htm"
DEFINITIVE AGREEMENT REFERENCE,8-K/A EX-10.1,SEC EDGAR,Legal,Needs Review,2012-01-13,2015-01-12,"CLEAN TRANSPORTATION GROUP, INC. (CIK 0001373792)",,"SEC EDGAR 8-K/A exhibit EX-10.1, accession 0000931731-12-000009. Filed by CLEAN TRANSPORTATION GROUP, INC. (CIK 0001373792). Source: https://www.sec.gov/Archives/edgar/data/1373792/000093173112000009/ex10-1defagree.htm"
DEFINITIVE AGREEMENT REFERENCE,8-K/A EX-10.1,SEC EDGAR,Legal,Needs Review,2012-01-13,2015-01-12,"CLEAN TRANSPORTATION GROUP, INC. (CIK 0001373792)",,"SEC EDGAR 8-K/A exhibit EX-10.1, accession 0000931731-12-000009. Filed by CLEAN TRANSPORTATION GROUP, INC. (CIK 0001373792). Source: https://www.sec.gov/Archives/edgar/data/1373792/000093173112000009/ex10-1defagree.htm"
DEFINITIVE AGREEMENT REFERENCE,8-K/A EX-10.1,SEC EDGAR,Legal,Needs Review,2012-01-13,2015-01-12,"CLEAN TRANSPORTATION GROUP, INC. (CIK 0001373792)",,"SEC EDGAR 8-K/A exhibit EX-10.1, accession 0000931731-12-000009. Filed by CLEAN TRANSPORTATION GROUP, INC. (CIK 0001373792). Source: https://www.sec.gov/Archives/edgar/data/1373792/000093173112000009/ex10-1defagree.htm"
"PRINTABLE COPY FORM 8-K, AMENDMENTS TO EMPLOYMENT AGREEMENTS AND EXHIBITS",8-K 8-K,SEC EDGAR,Legal,Needs Review,2011-12-21,2014-12-20,CITY HOLDING CO (CHCO) (CIK 0000726854),,"SEC EDGAR 8-K exhibit 8-K, accession 0000726854-11-000067. Filed by CITY HOLDING CO (CHCO) (CIK 0000726854). Source: https://www.sec.gov/Archives/edgar/data/726854/000072685411000067/submissionpdf.pdf"
"PRINTABLE COPY FORM 8-K, AMENDMENTS TO EMPLOYMENT AGREEMENTS AND EXHIBITS",8-K 8-K,SEC EDGAR,Legal,Needs Review,2011-12-21,2014-12-20,CITY HOLDING CO (CHCO) (CIK 0000726854),,"SEC EDGAR 8-K exhibit 8-K, accession 0000726854-11-000067. Filed by CITY HOLDING CO (CHCO) (CIK 0000726854). Source: https://www.sec.gov/Archives/edgar/data/726854/000072685411000067/submissionpdf.pdf"
"PRINTABLE COPY FORM 8-K, AMENDMENTS TO EMPLOYMENT AGREEMENTS AND EXHIBITS",8-K 8-K,SEC EDGAR,Legal,Needs Review,2011-12-21,2014-12-20,CITY HOLDING CO (CHCO) (CIK 0000726854),,"SEC EDGAR 8-K exhibit 8-K, accession 0000726854-11-000067. Filed by CITY HOLDING CO (CHCO) (CIK 0000726854). Source: https://www.sec.gov/Archives/edgar/data/726854/000072685411000067/submissionpdf.pdf"
"PRINTABLE COPY FORM 8-K, AMENDMENTS TO EMPLOYMENT AGREEMENTS AND EXHIBITS",8-K 8-K,SEC EDGAR,Legal,Needs Review,2011-12-21,2014-12-20,CITY HOLDING CO (CHCO) (CIK 0000726854),,"SEC EDGAR 8-K exhibit 8-K, accession 0000726854-11-000067. Filed by CITY HOLDING CO (CHCO) (CIK 0000726854). Source: https://www.sec.gov/Archives/edgar/data/726854/000072685411000067/submissionpdf.pdf"
"PRINTABLE COPY FORM 8-K, AMENDMENTS TO EMPLOYMENT AGREEMENTS AND EXHIBITS",8-K 8-K,SEC EDGAR,Legal,Needs Review,2011-12-21,2014-12-20,CITY HOLDING CO (CHCO) (CIK 0000726854),,"SEC EDGAR 8-K exhibit 8-K, accession 0000726854-11-000067. Filed by CITY HOLDING CO (CHCO) (CIK 0000726854). Source: https://www.sec.gov/Archives/edgar/data/726854/000072685411000067/submissionpdf.pdf"
"PRINTABLE COPY FORM 8-K, AMENDMENTS TO EMPLOYMENT AGREEMENTS AND EXHIBITS",8-K 8-K,SEC EDGAR,Legal,Needs Review,2011-12-21,2014-12-20,CITY HOLDING CO (CHCO) (CIK 0000726854),,"SEC EDGAR 8-K exhibit 8-K, accession 0000726854-11-000067. Filed by CITY HOLDING CO (CHCO) (CIK 0000726854). Source: https://www.sec.gov/Archives/edgar/data/726854/000072685411000067/submissionpdf.pdf"
"SHEEP TANKS OPTION AGREEMENT DATED MARCH 10, 2011",S-1 EX-10.1,SEC EDGAR,Legal,Needs Review,2011-10-27,2014-10-26,CHARGER MINERALS CORP (CIK 0001518883),,"SEC EDGAR S-1 exhibit EX-10.1, accession 0001214659-11-003577. Filed by CHARGER MINERALS CORP (CIK 0001518883). Source: https://www.sec.gov/Archives/edgar/data/1518883/000121465911003577/ex10.htm"
"SHEEP TANKS OPTION AGREEMENT DATED MARCH 10, 2011",S-1 EX-10.1,SEC EDGAR,Legal,Needs Review,2011-10-27,2014-10-26,CHARGER MINERALS CORP (CIK 0001518883),,"SEC EDGAR S-1 exhibit EX-10.1, accession 0001214659-11-003577. Filed by CHARGER MINERALS CORP (CIK 0001518883). Source: https://www.sec.gov/Archives/edgar/data/1518883/000121465911003577/ex10.htm"
"SHEEP TANKS OPTION AGREEMENT DATED MARCH 10, 2011",S-1 EX-10.1,SEC EDGAR,Legal,Needs Review,2011-10-27,2014-10-26,CHARGER MINERALS CORP (CIK 0001518883),,"SEC EDGAR S-1 exhibit EX-10.1, accession 0001214659-11-003577. Filed by CHARGER MINERALS CORP (CIK 0001518883). Source: https://www.sec.gov/Archives/edgar/data/1518883/000121465911003577/ex10.htm"
"SHEEP TANKS OPTION AGREEMENT DATED MARCH 10, 2011",S-1 EX-10.1,SEC EDGAR,Legal,Needs Review,2011-10-27,2014-10-26,CHARGER MINERALS CORP (CIK 0001518883),,"SEC EDGAR S-1 exhibit EX-10.1, accession 0001214659-11-003577. Filed by CHARGER MINERALS CORP (CIK 0001518883). Source: https://www.sec.gov/Archives/edgar/data/1518883/000121465911003577/ex10.htm"
"SHEEP TANKS OPTION AGREEMENT DATED MARCH 10, 2011",S-1 EX-10.1,SEC EDGAR,Legal,Needs Review,2011-10-27,2014-10-26,CHARGER MINERALS CORP (CIK 0001518883),,"SEC EDGAR S-1 exhibit EX-10.1, accession 0001214659-11-003577. Filed by CHARGER MINERALS CORP (CIK 0001518883). Source: https://www.sec.gov/Archives/edgar/data/1518883/000121465911003577/ex10.htm"
"SHEEP TANKS OPTION AGREEMENT DATED MARCH 10, 2011",S-1 EX-10.1,SEC EDGAR,Legal,Needs Review,2011-10-27,2014-10-26,CHARGER MINERALS CORP (CIK 0001518883),,"SEC EDGAR S-1 exhibit EX-10.1, accession 0001214659-11-003577. Filed by CHARGER MINERALS CORP (CIK 0001518883). Source: https://www.sec.gov/Archives/edgar/data/1518883/000121465911003577/ex10.htm"
"RUNTIME LICENSE AGREEMENT DATED JANUARY 1, 2000 BETWEEN SMART MODULAR TECHNOLOGIES (SYSTEMS) INC. (PREDECESSOR-IN-INTEREST TO SPEECHFX, INC.), AND KINNOR SOFTWARE",10-12G/A EX-10.6,SEC EDGAR,Legal,Needs Review,2011-10-14,2014-10-13,SpeechFX Inc (CIK 0001524421),,"SEC EDGAR 10-12G/A exhibit EX-10.6, accession 0001096906-11-002403. Filed by SpeechFX Inc (CIK 0001524421). Source: https://www.sec.gov/Archives/edgar/data/1524421/000109690611002403/ex10-6.htm"
"RUNTIME LICENSE AGREEMENT DATED JANUARY 1, 2000 BETWEEN SMART MODULAR TECHNOLOGIES (SYSTEMS) INC. (PREDECESSOR-IN-INTEREST TO SPEECHFX, INC.), AND KINNOR SOFTWARE",10-12G/A EX-10.6,SEC EDGAR,Legal,Needs Review,2011-10-14,2014-10-13,SpeechFX Inc (CIK 0001524421),,"SEC EDGAR 10-12G/A exhibit EX-10.6, accession 0001096906-11-002403. Filed by SpeechFX Inc (CIK 0001524421). Source: https://www.sec.gov/Archives/edgar/data/1524421/000109690611002403/ex10-6.htm"
"RUNTIME LICENSE AGREEMENT DATED JANUARY 1, 2000 BETWEEN SMART MODULAR TECHNOLOGIES (SYSTEMS) INC. (PREDECESSOR-IN-INTEREST TO SPEECHFX, INC.), AND KINNOR SOFTWARE",10-12G/A EX-10.6,SEC EDGAR,Legal,Needs Review,2011-10-14,2014-10-13,SpeechFX Inc (CIK 0001524421),,"SEC EDGAR 10-12G/A exhibit EX-10.6, accession 0001096906-11-002403. Filed by SpeechFX Inc (CIK 0001524421). Source: https://www.sec.gov/Archives/edgar/data/1524421/000109690611002403/ex10-6.htm"
"RUNTIME LICENSE AGREEMENT DATED JANUARY 1, 2000 BETWEEN SMART MODULAR TECHNOLOGIES (SYSTEMS) INC. (PREDECESSOR-IN-INTEREST TO SPEECHFX, INC.), AND KINNOR SOFTWARE",10-12G/A EX-10.6,SEC EDGAR,Legal,Needs Review,2011-10-14,2014-10-13,SpeechFX Inc (CIK 0001524421),,"SEC EDGAR 10-12G/A exhibit EX-10.6, accession 0001096906-11-002403. Filed by SpeechFX Inc (CIK 0001524421). Source: https://www.sec.gov/Archives/edgar/data/1524421/000109690611002403/ex10-6.htm"
"RUNTIME LICENSE AGREEMENT DATED JANUARY 1, 2000 BETWEEN SMART MODULAR TECHNOLOGIES (SYSTEMS) INC. (PREDECESSOR-IN-INTEREST TO SPEECHFX, INC.), AND KINNOR SOFTWARE",10-12G/A EX-10.6,SEC EDGAR,Legal,Needs Review,2011-10-14,2014-10-13,SpeechFX Inc (CIK 0001524421),,"SEC EDGAR 10-12G/A exhibit EX-10.6, accession 0001096906-11-002403. Filed by SpeechFX Inc (CIK 0001524421). Source: https://www.sec.gov/Archives/edgar/data/1524421/000109690611002403/ex10-6.htm"
"TENTH AMENDMENT TO PROMISSORY NOTES DATED AS OF MAY 6, 2011 AMONG GROEN BROTHERS AVIATION, INC. AND LENDER B NAMED THEREIN",10-K EX-10.31,SEC EDGAR,Legal,Needs Review,2011-10-13,2014-10-12,GROEN BROTHERS AVIATION INC /UT/ (CIK 0000870743),,"SEC EDGAR 10-K exhibit EX-10.31, accession 0001096906-11-002382. Filed by GROEN BROTHERS AVIATION INC /UT/ (CIK 0000870743). Source: https://www.sec.gov/Archives/edgar/data/870743/000109690611002382/ex10-31.htm"
"TENTH AMENDMENT TO PROMISSORY NOTES DATED AS OF MAY 6, 2011 AMONG GROEN BROTHERS AVIATION, INC. AND LENDER B NAMED THEREIN",10-K EX-10.31,SEC EDGAR,Legal,Needs Review,2011-10-13,2014-10-12,GROEN BROTHERS AVIATION INC /UT/ (CIK 0000870743),,"SEC EDGAR 10-K exhibit EX-10.31, accession 0001096906-11-002382. Filed by GROEN BROTHERS AVIATION INC /UT/ (CIK 0000870743). Source: https://www.sec.gov/Archives/edgar/data/870743/000109690611002382/ex10-31.htm"
"TENTH AMENDMENT TO PROMISSORY NOTES DATED AS OF MAY 6, 2011 AMONG GROEN BROTHERS AVIATION, INC. AND LENDER B NAMED THEREIN",10-K EX-10.31,SEC EDGAR,Legal,Needs Review,2011-10-13,2014-10-12,GROEN BROTHERS AVIATION INC /UT/ (CIK 0000870743),,"SEC EDGAR 10-K exhibit EX-10.31, accession 0001096906-11-002382. Filed by GROEN BROTHERS AVIATION INC /UT/ (CIK 0000870743). Source: https://www.sec.gov/Archives/edgar/data/870743/000109690611002382/ex10-31.htm"
"TENTH AMENDMENT TO PROMISSORY NOTES DATED AS OF MAY 6, 2011 AMONG GROEN BROTHERS AVIATION, INC. AND LENDER B NAMED THEREIN",10-K EX-10.31,SEC EDGAR,Legal,Needs Review,2011-10-13,2014-10-12,GROEN BROTHERS AVIATION INC /UT/ (CIK 0000870743),,"SEC EDGAR 10-K exhibit EX-10.31, accession 0001096906-11-002382. Filed by GROEN BROTHERS AVIATION INC /UT/ (CIK 0000870743). Source: https://www.sec.gov/Archives/edgar/data/870743/000109690611002382/ex10-31.htm"
"TENTH AMENDMENT TO PROMISSORY NOTES DATED AS OF MAY 6, 2011 AMONG GROEN BROTHERS AVIATION, INC. AND LENDER B NAMED THEREIN",10-K EX-10.31,SEC EDGAR,Legal,Needs Review,2011-10-13,2014-10-12,GROEN BROTHERS AVIATION INC /UT/ (CIK 0000870743),,"SEC EDGAR 10-K exhibit EX-10.31, accession 0001096906-11-002382. Filed by GROEN BROTHERS AVIATION INC /UT/ (CIK 0000870743). Source: https://www.sec.gov/Archives/edgar/data/870743/000109690611002382/ex10-31.htm"
"TENTH AMENDMENT TO PROMISSORY NOTES DATED AS OF MAY 6, 2011 AMONG GROEN BROTHERS AVIATION, INC. AND LENDER B NAMED THEREIN",10-K EX-10.31,SEC EDGAR,Legal,Needs Review,2011-10-13,2014-10-12,GROEN BROTHERS AVIATION INC /UT/ (CIK 0000870743),,"SEC EDGAR 10-K exhibit EX-10.31, accession 0001096906-11-002382. Filed by GROEN BROTHERS AVIATION INC /UT/ (CIK 0000870743). Source: https://www.sec.gov/Archives/edgar/data/870743/000109690611002382/ex10-31.htm"
"DEBT ASSIGNMENT AGREEMENT AMONG THE COMPANY, GARESTE LIMITADA, AND HAROLD GARDNER, DATED AUGUST 17, 2009",10-K EX-10.9,SEC EDGAR,Legal,Needs Review,2011-08-17,2014-08-16,Zoro Mining Corp. (CIK 0001329484),,"SEC EDGAR 10-K exhibit EX-10.9, accession 0001183740-11-000555. Filed by Zoro Mining Corp. (CIK 0001329484). Source: https://www.sec.gov/Archives/edgar/data/1329484/000118374011000555/ex10-9.htm"
"DEBT ASSIGNMENT AGREEMENT AMONG THE COMPANY, GARESTE LIMITADA, AND HAROLD GARDNER, DATED AUGUST 17, 2009",10-K EX-10.9,SEC EDGAR,Legal,Needs Review,2011-08-17,2014-08-16,Zoro Mining Corp. (CIK 0001329484),,"SEC EDGAR 10-K exhibit EX-10.9, accession 0001183740-11-000555. Filed by Zoro Mining Corp. (CIK 0001329484). Source: https://www.sec.gov/Archives/edgar/data/1329484/000118374011000555/ex10-9.htm"
"DEBT ASSIGNMENT AGREEMENT AMONG THE COMPANY, GARESTE LIMITADA, AND HAROLD GARDNER, DATED AUGUST 17, 2009",10-K EX-10.9,SEC EDGAR,Legal,Needs Review,2011-08-17,2014-08-16,Zoro Mining Corp. (CIK 0001329484),,"SEC EDGAR 10-K exhibit EX-10.9, accession 0001183740-11-000555. Filed by Zoro Mining Corp. (CIK 0001329484). Source: https://www.sec.gov/Archives/edgar/data/1329484/000118374011000555/ex10-9.htm"
"DEBT ASSIGNMENT AGREEMENT AMONG THE COMPANY, GARESTE LIMITADA, AND HAROLD GARDNER, DATED AUGUST 17, 2009",10-K EX-10.9,SEC EDGAR,Legal,Needs Review,2011-08-17,2014-08-16,Zoro Mining Corp. (CIK 0001329484),,"SEC EDGAR 10-K exhibit EX-10.9, accession 0001183740-11-000555. Filed by Zoro Mining Corp. (CIK 0001329484). Source: https://www.sec.gov/Archives/edgar/data/1329484/000118374011000555/ex10-9.htm"
"DEBT ASSIGNMENT AGREEMENT AMONG THE COMPANY, GARESTE LIMITADA, AND HAROLD GARDNER, DATED AUGUST 17, 2009",10-K EX-10.9,SEC EDGAR,Legal,Needs Review,2011-08-17,2014-08-16,Zoro Mining Corp. (CIK 0001329484),,"SEC EDGAR 10-K exhibit EX-10.9, accession 0001183740-11-000555. Filed by Zoro Mining Corp. (CIK 0001329484). Source: https://www.sec.gov/Archives/edgar/data/1329484/000118374011000555/ex10-9.htm"
PROMISSORY NOTE,10-K EX-10.21,SEC EDGAR,Legal,Needs Review,2011-04-18,2014-04-17,"Crownbutte Wind Power, Inc. (CIK 0001452583)",,"SEC EDGAR 10-K exhibit EX-10.21, accession 0001437749-11-002374. Filed by Crownbutte Wind Power, Inc. (CIK 0001452583). Source: https://www.sec.gov/Archives/edgar/data/1452583/000143774911002374/ex10-21.htm"
PROMISSORY NOTE,10-K EX-10.21,SEC EDGAR,Legal,Needs Review,2011-04-18,2014-04-17,"Crownbutte Wind Power, Inc. (CIK 0001452583)",,"SEC EDGAR 10-K exhibit EX-10.21, accession 0001437749-11-002374. Filed by Crownbutte Wind Power, Inc. (CIK 0001452583). Source: https://www.sec.gov/Archives/edgar/data/1452583/000143774911002374/ex10-21.htm"
PROMISSORY NOTE,10-K EX-10.21,SEC EDGAR,Legal,Needs Review,2011-04-18,2014-04-17,"Crownbutte Wind Power, Inc. (CIK 0001452583)",,"SEC EDGAR 10-K exhibit EX-10.21, accession 0001437749-11-002374. Filed by Crownbutte Wind Power, Inc. (CIK 0001452583). Source: https://www.sec.gov/Archives/edgar/data/1452583/000143774911002374/ex10-21.htm"
PROMISSORY NOTE,10-K EX-10.21,SEC EDGAR,Legal,Needs Review,2011-04-18,2014-04-17,"Crownbutte Wind Power, Inc. (CIK 0001452583)",,"SEC EDGAR 10-K exhibit EX-10.21, accession 0001437749-11-002374. Filed by Crownbutte Wind Power, Inc. (CIK 0001452583). Source: https://www.sec.gov/Archives/edgar/data/1452583/000143774911002374/ex10-21.htm"
PROMISSORY NOTE,10-K EX-10.21,SEC EDGAR,Legal,Needs Review,2011-04-18,2014-04-17,"Crownbutte Wind Power, Inc. (CIK 0001452583)",,"SEC EDGAR 10-K exhibit EX-10.21, accession 0001437749-11-002374. Filed by Crownbutte Wind Power, Inc. (CIK 0001452583). Source: https://www.sec.gov/Archives/edgar/data/1452583/000143774911002374/ex10-21.htm"
PROMISSORY NOTE,10-K EX-10.21,SEC EDGAR,Legal,Needs Review,2011-04-18,2014-04-17,"Crownbutte Wind Power, Inc. (CIK 0001452583)",,"SEC EDGAR 10-K exhibit EX-10.21, accession 0001437749-11-002374. Filed by Crownbutte Wind Power, Inc. (CIK 0001452583). Source: https://www.sec.gov/Archives/edgar/data/1452583/000143774911002374/ex10-21.htm"
PROMISSORY NOTES,10-K EX-10.1,SEC EDGAR,Legal,Needs Review,2010-11-18,2013-11-17,OMNICITY CORP. (CIK 0001411586),,"SEC EDGAR 10-K exhibit EX-10.1, accession 0001165527-10-000877. Filed by OMNICITY CORP. (CIK 0001411586). Source: https://www.sec.gov/Archives/edgar/data/1411586/000116552710000877/ex10-1.htm"
PROMISSORY NOTES,10-K EX-10.1,SEC EDGAR,Legal,Needs Review,2010-11-18,2013-11-17,OMNICITY CORP. (CIK 0001411586),,"SEC EDGAR 10-K exhibit EX-10.1, accession 0001165527-10-000877. Filed by OMNICITY CORP. (CIK 0001411586). Source: https://www.sec.gov/Archives/edgar/data/1411586/000116552710000877/ex10-1.htm"
PROMISSORY NOTES,10-K EX-10.1,SEC EDGAR,Legal,Needs Review,2010-11-18,2013-11-17,OMNICITY CORP. (CIK 0001411586),,"SEC EDGAR 10-K exhibit EX-10.1, accession 0001165527-10-000877. Filed by OMNICITY CORP. (CIK 0001411586). Source: https://www.sec.gov/Archives/edgar/data/1411586/000116552710000877/ex10-1.htm"
"GUARANTEED PURCHASE AGREEMENT, DATED AS OF SEPTEMBER 1, 2010, BY AND BETWEEN NELNET, INC. AND UNION BANK AND TRUST COMPANY",10-Q EX-10.3,SEC EDGAR,Legal,Needs Review,2010-11-09,2013-11-08,NELNET INC (NNI) (CIK 0001258602),,"SEC EDGAR 10-Q exhibit EX-10.3, accession 0001437749-10-003776. Filed by NELNET INC (NNI) (CIK 0001258602). Source: https://www.sec.gov/Archives/edgar/data/1258602/000143774910003776/ex10-3.htm"
"GUARANTEED PURCHASE AGREEMENT, DATED AS OF SEPTEMBER 1, 2010, BY AND BETWEEN NELNET, INC. AND UNION BANK AND TRUST COMPANY",10-Q EX-10.3,SEC EDGAR,Legal,Needs Review,2010-11-09,2013-11-08,NELNET INC (NNI) (CIK 0001258602),,"SEC EDGAR 10-Q exhibit EX-10.3, accession 0001437749-10-003776. Filed by NELNET INC (NNI) (CIK 0001258602). Source: https://www.sec.gov/Archives/edgar/data/1258602/000143774910003776/ex10-3.htm"
"GUARANTEED PURCHASE AGREEMENT, DATED AS OF SEPTEMBER 1, 2010, BY AND BETWEEN NELNET, INC. AND UNION BANK AND TRUST COMPANY",10-Q EX-10.3,SEC EDGAR,Legal,Needs Review,2010-11-09,2013-11-08,NELNET INC (NNI) (CIK 0001258602),,"SEC EDGAR 10-Q exhibit EX-10.3, accession 0001437749-10-003776. Filed by NELNET INC (NNI) (CIK 0001258602). Source: https://www.sec.gov/Archives/edgar/data/1258602/000143774910003776/ex10-3.htm"
"GUARANTEED PURCHASE AGREEMENT, DATED AS OF SEPTEMBER 1, 2010, BY AND BETWEEN NELNET, INC. AND UNION BANK AND TRUST COMPANY",10-Q EX-10.3,SEC EDGAR,Legal,Needs Review,2010-11-09,2013-11-08,NELNET INC (NNI) (CIK 0001258602),,"SEC EDGAR 10-Q exhibit EX-10.3, accession 0001437749-10-003776. Filed by NELNET INC (NNI) (CIK 0001258602). Source: https://www.sec.gov/Archives/edgar/data/1258602/000143774910003776/ex10-3.htm"
"GUARANTEED PURCHASE AGREEMENT, DATED AS OF SEPTEMBER 1, 2010, BY AND BETWEEN NELNET, INC. AND UNION BANK AND TRUST COMPANY",10-Q EX-10.3,SEC EDGAR,Legal,Needs Review,2010-11-09,2013-11-08,NELNET INC (NNI) (CIK 0001258602),,"SEC EDGAR 10-Q exhibit EX-10.3, accession 0001437749-10-003776. Filed by NELNET INC (NNI) (CIK 0001258602). Source: https://www.sec.gov/Archives/edgar/data/1258602/000143774910003776/ex10-3.htm"
"GUARANTEED PURCHASE AGREEMENT, DATED AS OF SEPTEMBER 1, 2010, BY AND BETWEEN NELNET, INC. AND UNION BANK AND TRUST COMPANY",10-Q EX-10.3,SEC EDGAR,Legal,Needs Review,2010-11-09,2013-11-08,NELNET INC (NNI) (CIK 0001258602),,"SEC EDGAR 10-Q exhibit EX-10.3, accession 0001437749-10-003776. Filed by NELNET INC (NNI) (CIK 0001258602). Source: https://www.sec.gov/Archives/edgar/data/1258602/000143774910003776/ex10-3.htm"
LETTER AGREEMENT,10-K EX-10.17,SEC EDGAR,Legal,Needs Review,2010-06-01,2013-05-31,MAINLAND RESOURCES INC. (CIK 0001395205),,"SEC EDGAR 10-K exhibit EX-10.17, accession 0001183740-10-000329. Filed by MAINLAND RESOURCES INC. (CIK 0001395205). Source: https://www.sec.gov/Archives/edgar/data/1395205/000118374010000329/ex10-17.htm"
LETTER AGREEMENT,10-K EX-10.17,SEC EDGAR,Legal,Needs Review,2010-06-01,2013-05-31,MAINLAND RESOURCES INC. (CIK 0001395205),,"SEC EDGAR 10-K exhibit EX-10.17, accession 0001183740-10-000329. Filed by MAINLAND RESOURCES INC. (CIK 0001395205). Source: https://www.sec.gov/Archives/edgar/data/1395205/000118374010000329/ex10-17.htm"
LETTER AGREEMENT,10-K EX-10.17,SEC EDGAR,Legal,Needs Review,2010-06-01,2013-05-31,MAINLAND RESOURCES INC. (CIK 0001395205),,"SEC EDGAR 10-K exhibit EX-10.17, accession 0001183740-10-000329. Filed by MAINLAND RESOURCES INC. (CIK 0001395205). Source: https://www.sec.gov/Archives/edgar/data/1395205/000118374010000329/ex10-17.htm"
LETTER AGREEMENT,10-K EX-10.17,SEC EDGAR,Legal,Needs Review,2010-06-01,2013-05-31,MAINLAND RESOURCES INC. (CIK 0001395205),,"SEC EDGAR 10-K exhibit EX-10.17, accession 0001183740-10-000329. Filed by MAINLAND RESOURCES INC. (CIK 0001395205). Source: https://www.sec.gov/Archives/edgar/data/1395205/000118374010000329/ex10-17.htm"
LETTER AGREEMENT,10-K EX-10.17,SEC EDGAR,Legal,Needs Review,2010-06-01,2013-05-31,MAINLAND RESOURCES INC. (CIK 0001395205),,"SEC EDGAR 10-K exhibit EX-10.17, accession 0001183740-10-000329. Filed by MAINLAND RESOURCES INC. (CIK 0001395205). Source: https://www.sec.gov/Archives/edgar/data/1395205/000118374010000329/ex10-17.htm"
SERVICES AGREEMENT WITH JAGUAR DOWNHOLE TOOLS,8-K EX-10.1,SEC EDGAR,Legal,Needs Review,2010-04-09,2013-04-08,Global Security Agency Inc. (CIK 0001399761),,"SEC EDGAR 8-K exhibit EX-10.1, accession 0001415408-10-000159. Filed by Global Security Agency Inc. (CIK 0001399761). Source: https://www.sec.gov/Archives/edgar/data/1399761/000141540810000159/ex10-1.htm"
SERVICES AGREEMENT WITH JAGUAR DOWNHOLE TOOLS,8-K EX-10.1,SEC EDGAR,Legal,Needs Review,2010-04-09,2013-04-08,Global Security Agency Inc. (CIK 0001399761),,"SEC EDGAR 8-K exhibit EX-10.1, accession 0001415408-10-000159. Filed by Global Security Agency Inc. (CIK 0001399761). Source: https://www.sec.gov/Archives/edgar/data/1399761/000141540810000159/ex10-1.htm"
SERVICES AGREEMENT WITH JAGUAR DOWNHOLE TOOLS,8-K EX-10.1,SEC EDGAR,Legal,Needs Review,2010-04-09,2013-04-08,Global Security Agency Inc. (CIK 0001399761),,"SEC EDGAR 8-K exhibit EX-10.1, accession 0001415408-10-000159. Filed by Global Security Agency Inc. (CIK 0001399761). Source: https://www.sec.gov/Archives/edgar/data/1399761/000141540810000159/ex10-1.htm"
SERVICES AGREEMENT WITH JAGUAR DOWNHOLE TOOLS,8-K EX-10.1,SEC EDGAR,Legal,Needs Review,2010-04-09,2013-04-08,Global Security Agency Inc. (CIK 0001399761),,"SEC EDGAR 8-K exhibit EX-10.1, accession 0001415408-10-000159. Filed by Global Security Agency Inc. (CIK 0001399761). Source: https://www.sec.gov/Archives/edgar/data/1399761/000141540810000159/ex10-1.htm"
SERVICES AGREEMENT WITH JAGUAR DOWNHOLE TOOLS,8-K EX-10.1,SEC EDGAR,Legal,Needs Review,2010-04-09,2013-04-08,Global Security Agency Inc. (CIK 0001399761),,"SEC EDGAR 8-K exhibit EX-10.1, accession 0001415408-10-000159. Filed by Global Security Agency Inc. (CIK 0001399761). Source: https://www.sec.gov/Archives/edgar/data/1399761/000141540810000159/ex10-1.htm"
SERVICES AGREEMENT WITH JAGUAR DOWNHOLE TOOLS,8-K EX-10.1,SEC EDGAR,Legal,Needs Review,2010-04-09,2013-04-08,Global Security Agency Inc. (CIK 0001399761),,"SEC EDGAR 8-K exhibit EX-10.1, accession 0001415408-10-000159. Filed by Global Security Agency Inc. (CIK 0001399761). Source: https://www.sec.gov/Archives/edgar/data/1399761/000141540810000159/ex10-1.htm"
LEASE,S-1/A EX-10.5,SEC EDGAR,Legal,Needs Review,2010-01-22,2013-01-21,"SEA STAR GROUP, INC. (CIK 0001475795)",,"SEC EDGAR S-1/A exhibit EX-10.5, accession 0001056520-10-000022. Filed by SEA STAR GROUP, INC. (CIK 0001475795). Source: https://www.sec.gov/Archives/edgar/data/1475795/000105652010000022/ex105lease.htm"
LEASE,S-1/A EX-10.5,SEC EDGAR,Legal,Needs Review,2010-01-22,2013-01-21,"SEA STAR GROUP, INC. (CIK 0001475795)",,"SEC EDGAR S-1/A exhibit EX-10.5, accession 0001056520-10-000022. Filed by SEA STAR GROUP, INC. (CIK 0001475795). Source: https://www.sec.gov/Archives/edgar/data/1475795/000105652010000022/ex105lease.htm"
LEASE,S-1/A EX-10.5,SEC EDGAR,Legal,Needs Review,2010-01-22,2013-01-21,"SEA STAR GROUP, INC. (CIK 0001475795)",,"SEC EDGAR S-1/A exhibit EX-10.5, accession 0001056520-10-000022. Filed by SEA STAR GROUP, INC. (CIK 0001475795). Source: https://www.sec.gov/Archives/edgar/data/1475795/000105652010000022/ex105lease.htm"
LEASE,S-1/A EX-10.5,SEC EDGAR,Legal,Needs Review,2010-01-22,2013-01-21,"SEA STAR GROUP, INC. (CIK 0001475795)",,"SEC EDGAR S-1/A exhibit EX-10.5, accession 0001056520-10-000022. Filed by SEA STAR GROUP, INC. (CIK 0001475795). Source: https://www.sec.gov/Archives/edgar/data/1475795/000105652010000022/ex105lease.htm"
LEASE,S-1/A EX-10.5,SEC EDGAR,Legal,Needs Review,2010-01-22,2013-01-21,"SEA STAR GROUP, INC. (CIK 0001475795)",,"SEC EDGAR S-1/A exhibit EX-10.5, accession 0001056520-10-000022. Filed by SEA STAR GROUP, INC. (CIK 0001475795). Source: https://www.sec.gov/Archives/edgar/data/1475795/000105652010000022/ex105lease.htm"
REDEEMABLE DEBENTURE,8-K EX-10.2,SEC EDGAR,Legal,Needs Review,2009-10-13,2012-10-12,TRILLIANT EXPLORATION CORP (CIK 0001378948),,"SEC EDGAR 8-K exhibit EX-10.2, accession 0001387131-09-000583. Filed by TRILLIANT EXPLORATION CORP (CIK 0001378948). Source: https://www.sec.gov/Archives/edgar/data/1378948/000138713109000583/ex10-2.htm"
REDEEMABLE DEBENTURE,8-K EX-10.2,SEC EDGAR,Legal,Needs Review,2009-10-13,2012-10-12,TRILLIANT EXPLORATION CORP (CIK 0001378948),,"SEC EDGAR 8-K exhibit EX-10.2, accession 0001387131-09-000583. Filed by TRILLIANT EXPLORATION CORP (CIK 0001378948). Source: https://www.sec.gov/Archives/edgar/data/1378948/000138713109000583/ex10-2.htm"
REDEEMABLE DEBENTURE,8-K EX-10.2,SEC EDGAR,Legal,Needs Review,2009-10-13,2012-10-12,TRILLIANT EXPLORATION CORP (CIK 0001378948),,"SEC EDGAR 8-K exhibit EX-10.2, accession 0001387131-09-000583. Filed by TRILLIANT EXPLORATION CORP (CIK 0001378948). Source: https://www.sec.gov/Archives/edgar/data/1378948/000138713109000583/ex10-2.htm"
REDEEMABLE DEBENTURE,8-K EX-10.2,SEC EDGAR,Legal,Needs Review,2009-10-13,2012-10-12,TRILLIANT EXPLORATION CORP (CIK 0001378948),,"SEC EDGAR 8-K exhibit EX-10.2, accession 0001387131-09-000583. Filed by TRILLIANT EXPLORATION CORP (CIK 0001378948). Source: https://www.sec.gov/Archives/edgar/data/1378948/000138713109000583/ex10-2.htm"
"EXTENSION OF OPTION AGREEMENT ENTERED INTO WITH SYNERGY BIOMETALS RECOVERY SYSTEMS INC. ON MAY 1, 2009.",10-K EX-10.10,SEC EDGAR,Legal,Needs Review,2009-09-15,2012-09-14,"Mantra Venture Group Ltd. (SGSI, SGSID) (CIK 0001413891)",,"SEC EDGAR 10-K exhibit EX-10.10, accession 0001415408-09-000417. Filed by Mantra Venture Group Ltd. (SGSI, SGSID) (CIK 0001413891). Source: https://www.sec.gov/Archives/edgar/data/1413891/000141540809000417/ex10-10.htm"
"EXTENSION OF OPTION AGREEMENT ENTERED INTO WITH SYNERGY BIOMETALS RECOVERY SYSTEMS INC. ON MAY 1, 2009.",10-K EX-10.10,SEC EDGAR,Legal,Needs Review,2009-09-15,2012-09-14,"Mantra Venture Group Ltd. (SGSI, SGSID) (CIK 0001413891)",,"SEC EDGAR 10-K exhibit EX-10.10, accession 0001415408-09-000417. Filed by Mantra Venture Group Ltd. (SGSI, SGSID) (CIK 0001413891). Source: https://www.sec.gov/Archives/edgar/data/1413891/000141540809000417/ex10-10.htm"
"EXTENSION OF OPTION AGREEMENT ENTERED INTO WITH SYNERGY BIOMETALS RECOVERY SYSTEMS INC. ON MAY 1, 2009.",10-K EX-10.10,SEC EDGAR,Legal,Needs Review,2009-09-15,2012-09-14,"Mantra Venture Group Ltd. (SGSI, SGSID) (CIK 0001413891)",,"SEC EDGAR 10-K exhibit EX-10.10, accession 0001415408-09-000417. Filed by Mantra Venture Group Ltd. (SGSI, SGSID) (CIK 0001413891). Source: https://www.sec.gov/Archives/edgar/data/1413891/000141540809000417/ex10-10.htm"
"EXTENSION OF OPTION AGREEMENT ENTERED INTO WITH SYNERGY BIOMETALS RECOVERY SYSTEMS INC. ON MAY 1, 2009.",10-K EX-10.10,SEC EDGAR,Legal,Needs Review,2009-09-15,2012-09-14,"Mantra Venture Group Ltd. (SGSI, SGSID) (CIK 0001413891)",,"SEC EDGAR 10-K exhibit EX-10.10, accession 0001415408-09-000417. Filed by Mantra Venture Group Ltd. (SGSI, SGSID) (CIK 0001413891). Source: https://www.sec.gov/Archives/edgar/data/1413891/000141540809000417/ex10-10.htm"
"EXTENSION OF OPTION AGREEMENT ENTERED INTO WITH SYNERGY BIOMETALS RECOVERY SYSTEMS INC. ON MAY 1, 2009.",10-K EX-10.10,SEC EDGAR,Legal,Needs Review,2009-09-15,2012-09-14,"Mantra Venture Group Ltd. (SGSI, SGSID) (CIK 0001413891)",,"SEC EDGAR 10-K exhibit EX-10.10, accession 0001415408-09-000417. Filed by Mantra Venture Group Ltd. (SGSI, SGSID) (CIK 0001413891). Source: https://www.sec.gov/Archives/edgar/data/1413891/000141540809000417/ex10-10.htm"
CARING CAPITAL CORPORATION SUBSCRIPTION AGREEMENT,S-1 EX-10.2,SEC EDGAR,Legal,Needs Review,2009-05-18,2012-05-17,Celldonate Inc. (CIK 0001463792),,"SEC EDGAR S-1 exhibit EX-10.2, accession 0001415408-09-000215. Filed by Celldonate Inc. (CIK 0001463792). Source: https://www.sec.gov/Archives/edgar/data/1463792/000141540809000215/ex10-2.htm"
CARING CAPITAL CORPORATION SUBSCRIPTION AGREEMENT,S-1 EX-10.2,SEC EDGAR,Legal,Needs Review,2009-05-18,2012-05-17,Celldonate Inc. (CIK 0001463792),,"SEC EDGAR S-1 exhibit EX-10.2, accession 0001415408-09-000215. Filed by Celldonate Inc. (CIK 0001463792). Source: https://www.sec.gov/Archives/edgar/data/1463792/000141540809000215/ex10-2.htm"
CARING CAPITAL CORPORATION SUBSCRIPTION AGREEMENT,S-1 EX-10.2,SEC EDGAR,Legal,Needs Review,2009-05-18,2012-05-17,Celldonate Inc. (CIK 0001463792),,"SEC EDGAR S-1 exhibit EX-10.2, accession 0001415408-09-000215. Filed by Celldonate Inc. (CIK 0001463792). Source: https://www.sec.gov/Archives/edgar/data/1463792/000141540809000215/ex10-2.htm"
CARING CAPITAL CORPORATION SUBSCRIPTION AGREEMENT,S-1 EX-10.2,SEC EDGAR,Legal,Needs Review,2009-05-18,2012-05-17,Celldonate Inc. (CIK 0001463792),,"SEC EDGAR S-1 exhibit EX-10.2, accession 0001415408-09-000215. Filed by Celldonate Inc. (CIK 0001463792). Source: https://www.sec.gov/Archives/edgar/data/1463792/000141540809000215/ex10-2.htm"
FDS WARRANTS,8-K EX-10.5,SEC EDGAR,Legal,Needs Review,2009-04-02,2012-04-01,PURE BIOFUELS CORP (CIK 0001283193),,"SEC EDGAR 8-K exhibit EX-10.5, accession 0001144204-09-018482. Filed by PURE BIOFUELS CORP (CIK 0001283193). Source: https://www.sec.gov/Archives/edgar/data/1283193/000114420409018482/ex10-5.htm"
FDS WARRANTS,8-K EX-10.5,SEC EDGAR,Legal,Needs Review,2009-04-02,2012-04-01,PURE BIOFUELS CORP (CIK 0001283193),,"SEC EDGAR 8-K exhibit EX-10.5, accession 0001144204-09-018482. Filed by PURE BIOFUELS CORP (CIK 0001283193). Source: https://www.sec.gov/Archives/edgar/data/1283193/000114420409018482/ex10-5.htm"
FDS WARRANTS,8-K EX-10.5,SEC EDGAR,Legal,Needs Review,2009-04-02,2012-04-01,PURE BIOFUELS CORP (CIK 0001283193),,"SEC EDGAR 8-K exhibit EX-10.5, accession 0001144204-09-018482. Filed by PURE BIOFUELS CORP (CIK 0001283193). Source: https://www.sec.gov/Archives/edgar/data/1283193/000114420409018482/ex10-5.htm"
FDS WARRANTS,8-K EX-10.5,SEC EDGAR,Legal,Needs Review,2009-04-02,2012-04-01,PURE BIOFUELS CORP (CIK 0001283193),,"SEC EDGAR 8-K exhibit EX-10.5, accession 0001144204-09-018482. Filed by PURE BIOFUELS CORP (CIK 0001283193). Source: https://www.sec.gov/Archives/edgar/data/1283193/000114420409018482/ex10-5.htm"
FDS WARRANTS,8-K EX-10.5,SEC EDGAR,Legal,Needs Review,2009-04-02,2012-04-01,PURE BIOFUELS CORP (CIK 0001283193),,"SEC EDGAR 8-K exhibit EX-10.5, accession 0001144204-09-018482. Filed by PURE BIOFUELS CORP (CIK 0001283193). Source: https://www.sec.gov/Archives/edgar/data/1283193/000114420409018482/ex10-5.htm"
RESTORATION PLAN,10-K EX-10.5,SEC EDGAR,Legal,Needs Review,2009-03-02,2012-03-01,BLACK HILLS CORP /SD/ (BKH) (CIK 0001130464),,"SEC EDGAR 10-K exhibit EX-10.5, accession 0001130464-09-000099. Filed by BLACK HILLS CORP /SD/ (BKH) (CIK 0001130464). Source: https://www.sec.gov/Archives/edgar/data/1130464/000113046409000099/ex10-5_restorationplan.htm"
RESTORATION PLAN,10-K EX-10.5,SEC EDGAR,Legal,Needs Review,2009-03-02,2012-03-01,BLACK HILLS CORP /SD/ (BKH) (CIK 0001130464),,"SEC EDGAR 10-K exhibit EX-10.5, accession 0001130464-09-000099. Filed by BLACK HILLS CORP /SD/ (BKH) (CIK 0001130464). Source: https://www.sec.gov/Archives/edgar/data/1130464/000113046409000099/ex10-5_restorationplan.htm"
RESTORATION PLAN,10-K EX-10.5,SEC EDGAR,Legal,Needs Review,2009-03-02,2012-03-01,BLACK HILLS CORP /SD/ (BKH) (CIK 0001130464),,"SEC EDGAR 10-K exhibit EX-10.5, accession 0001130464-09-000099. Filed by BLACK HILLS CORP /SD/ (BKH) (CIK 0001130464). Source: https://www.sec.gov/Archives/edgar/data/1130464/000113046409000099/ex10-5_restorationplan.htm"
RESTORATION PLAN,10-K EX-10.5,SEC EDGAR,Legal,Needs Review,2009-03-02,2012-03-01,BLACK HILLS CORP /SD/ (BKH) (CIK 0001130464),,"SEC EDGAR 10-K exhibit EX-10.5, accession 0001130464-09-000099. Filed by BLACK HILLS CORP /SD/ (BKH) (CIK 0001130464). Source: https://www.sec.gov/Archives/edgar/data/1130464/000113046409000099/ex10-5_restorationplan.htm"
RESTORATION PLAN,10-K EX-10.5,SEC EDGAR,Legal,Needs Review,2009-03-02,2012-03-01,BLACK HILLS CORP /SD/ (BKH) (CIK 0001130464),,"SEC EDGAR 10-K exhibit EX-10.5, accession 0001130464-09-000099. Filed by BLACK HILLS CORP /SD/ (BKH) (CIK 0001130464). Source: https://www.sec.gov/Archives/edgar/data/1130464/000113046409000099/ex10-5_restorationplan.htm"
RESTORATION PLAN,10-K EX-10.5,SEC EDGAR,Legal,Needs Review,2009-03-02,2012-03-01,BLACK HILLS CORP /SD/ (BKH) (CIK 0001130464),,"SEC EDGAR 10-K exhibit EX-10.5, accession 0001130464-09-000099. Filed by BLACK HILLS CORP /SD/ (BKH) (CIK 0001130464). Source: https://www.sec.gov/Archives/edgar/data/1130464/000113046409000099/ex10-5_restorationplan.htm"
RESTORATION PLAN,10-K EX-10.5,SEC EDGAR,Legal,Needs Review,2009-03-02,2012-03-01,BLACK HILLS CORP /SD/ (BKH) (CIK 0001130464),,"SEC EDGAR 10-K exhibit EX-10.5, accession 0001130464-09-000099. Filed by BLACK HILLS CORP /SD/ (BKH) (CIK 0001130464). Source: https://www.sec.gov/Archives/edgar/data/1130464/000113046409000099/ex10-5_restorationplan.htm"
RESTORATION PLAN,10-K EX-10.5,SEC EDGAR,Legal,Needs Review,2009-03-02,2012-03-01,BLACK HILLS CORP /SD/ (BKH) (CIK 0001130464),,"SEC EDGAR 10-K exhibit EX-10.5, accession 0001130464-09-000099. Filed by BLACK HILLS CORP /SD/ (BKH) (CIK 0001130464). Source: https://www.sec.gov/Archives/edgar/data/1130464/000113046409000099/ex10-5_restorationplan.htm"
DIRECTORS STOCK BASED COMPENSATION PLAN,10-K EX-10.23,SEC EDGAR,Legal,Needs Review,2009-03-02,2012-03-01,BLACK HILLS CORP /SD/ (BKH) (CIK 0001130464),,"SEC EDGAR 10-K exhibit EX-10.23, accession 0001130464-09-000099. Filed by BLACK HILLS CORP /SD/ (BKH) (CIK 0001130464). Source: https://www.sec.gov/Archives/edgar/data/1130464/000113046409000099/ex10-23_directorcompplan.htm"
DIRECTORS STOCK BASED COMPENSATION PLAN,10-K EX-10.23,SEC EDGAR,Legal,Needs Review,2009-03-02,2012-03-01,BLACK HILLS CORP /SD/ (BKH) (CIK 0001130464),,"SEC EDGAR 10-K exhibit EX-10.23, accession 0001130464-09-000099. Filed by BLACK HILLS CORP /SD/ (BKH) (CIK 0001130464). Source: https://www.sec.gov/Archives/edgar/data/1130464/000113046409000099/ex10-23_directorcompplan.htm"
DIRECTORS STOCK BASED COMPENSATION PLAN,10-K EX-10.23,SEC EDGAR,Legal,Needs Review,2009-03-02,2012-03-01,BLACK HILLS CORP /SD/ (BKH) (CIK 0001130464),,"SEC EDGAR 10-K exhibit EX-10.23, accession 0001130464-09-000099. Filed by BLACK HILLS CORP /SD/ (BKH) (CIK 0001130464). Source: https://www.sec.gov/Archives/edgar/data/1130464/000113046409000099/ex10-23_directorcompplan.htm"
DIRECTORS STOCK BASED COMPENSATION PLAN,10-K EX-10.23,SEC EDGAR,Legal,Needs Review,2009-03-02,2012-03-01,BLACK HILLS CORP /SD/ (BKH) (CIK 0001130464),,"SEC EDGAR 10-K exhibit EX-10.23, accession 0001130464-09-000099. Filed by BLACK HILLS CORP /SD/ (BKH) (CIK 0001130464). Source: https://www.sec.gov/Archives/edgar/data/1130464/000113046409000099/ex10-23_directorcompplan.htm"
DIRECTORS STOCK BASED COMPENSATION PLAN,10-K EX-10.23,SEC EDGAR,Legal,Needs Review,2009-03-02,2012-03-01,BLACK HILLS CORP /SD/ (BKH) (CIK 0001130464),,"SEC EDGAR 10-K exhibit EX-10.23, accession 0001130464-09-000099. Filed by BLACK HILLS CORP /SD/ (BKH) (CIK 0001130464). Source: https://www.sec.gov/Archives/edgar/data/1130464/000113046409000099/ex10-23_directorcompplan.htm"
PEP RESTATED,10-K EX-10.4,SEC EDGAR,Legal,Needs Review,2009-03-02,2012-03-01,BLACK HILLS CORP /SD/ (BKH) (CIK 0001130464),,"SEC EDGAR 10-K exhibit EX-10.4, accession 0001130464-09-000099. Filed by BLACK HILLS CORP /SD/ (BKH) (CIK 0001130464). Source: https://www.sec.gov/Archives/edgar/data/1130464/000113046409000099/ex10-4_peprestated.htm"
PEP RESTATED,10-K EX-10.4,SEC EDGAR,Legal,Needs Review,2009-03-02,2012-03-01,BLACK HILLS CORP /SD/ (BKH) (CIK 0001130464),,"SEC EDGAR 10-K exhibit EX-10.4, accession 0001130464-09-000099. Filed by BLACK HILLS CORP /SD/ (BKH) (CIK 0001130464). Source: https://www.sec.gov/Archives/edgar/data/1130464/000113046409000099/ex10-4_peprestated.htm"
PEP RESTATED,10-K EX-10.4,SEC EDGAR,Legal,Needs Review,2009-03-02,2012-03-01,BLACK HILLS CORP /SD/ (BKH) (CIK 0001130464),,"SEC EDGAR 10-K exhibit EX-10.4, accession 0001130464-09-000099. Filed by BLACK HILLS CORP /SD/ (BKH) (CIK 0001130464). Source: https://www.sec.gov/Archives/edgar/data/1130464/000113046409000099/ex10-4_peprestated.htm"
PEP RESTATED,10-K EX-10.4,SEC EDGAR,Legal,Needs Review,2009-03-02,2012-03-01,BLACK HILLS CORP /SD/ (BKH) (CIK 0001130464),,"SEC EDGAR 10-K exhibit EX-10.4, accession 0001130464-09-000099. Filed by BLACK HILLS CORP /SD/ (BKH) (CIK 0001130464). Source: https://www.sec.gov/Archives/edgar/data/1130464/000113046409000099/ex10-4_peprestated.htm"
"SIXTH AMENDMENT TO SECOND AMENDED AND RESTATED REVOLVING CREDIT AND SECURITY AGREEMENT DATED FEBRUARY 11, 2009, BY AND AMONG PNC BANK, NATIONAL ASSOCIATION, GEOKINETICS INC. AND ITS PRINCIPAL SUBSIDIA",8-K EX-10.1,SEC EDGAR,Legal,Needs Review,2009-02-18,2012-02-18,GEOKINETICS INC (CIK 0000314606),,"SEC EDGAR 8-K exhibit EX-10.1, accession 0000314606-09-000004. Filed by GEOKINETICS INC (CIK 0000314606). Source: https://www.sec.gov/Archives/edgar/data/314606/000031460609000004/ex10-1.htm"
"SIXTH AMENDMENT TO SECOND AMENDED AND RESTATED REVOLVING CREDIT AND SECURITY AGREEMENT DATED FEBRUARY 11, 2009, BY AND AMONG PNC BANK, NATIONAL ASSOCIATION, GEOKINETICS INC. AND ITS PRINCIPAL SUBSIDIA",8-K EX-10.1,SEC EDGAR,Legal,Needs Review,2009-02-18,2012-02-18,GEOKINETICS INC (CIK 0000314606),,"SEC EDGAR 8-K exhibit EX-10.1, accession 0000314606-09-000004. Filed by GEOKINETICS INC (CIK 0000314606). Source: https://www.sec.gov/Archives/edgar/data/314606/000031460609000004/ex10-1.htm"
"SIXTH AMENDMENT TO SECOND AMENDED AND RESTATED REVOLVING CREDIT AND SECURITY AGREEMENT DATED FEBRUARY 11, 2009, BY AND AMONG PNC BANK, NATIONAL ASSOCIATION, GEOKINETICS INC. AND ITS PRINCIPAL SUBSIDIA",8-K EX-10.1,SEC EDGAR,Legal,Needs Review,2009-02-18,2012-02-18,GEOKINETICS INC (CIK 0000314606),,"SEC EDGAR 8-K exhibit EX-10.1, accession 0000314606-09-000004. Filed by GEOKINETICS INC (CIK 0000314606). Source: https://www.sec.gov/Archives/edgar/data/314606/000031460609000004/ex10-1.htm"
"SIXTH AMENDMENT TO SECOND AMENDED AND RESTATED REVOLVING CREDIT AND SECURITY AGREEMENT DATED FEBRUARY 11, 2009, BY AND AMONG PNC BANK, NATIONAL ASSOCIATION, GEOKINETICS INC. AND ITS PRINCIPAL SUBSIDIA",8-K EX-10.1,SEC EDGAR,Legal,Needs Review,2009-02-18,2012-02-18,GEOKINETICS INC (CIK 0000314606),,"SEC EDGAR 8-K exhibit EX-10.1, accession 0000314606-09-000004. Filed by GEOKINETICS INC (CIK 0000314606). Source: https://www.sec.gov/Archives/edgar/data/314606/000031460609000004/ex10-1.htm"
"SIXTH AMENDMENT TO SECOND AMENDED AND RESTATED REVOLVING CREDIT AND SECURITY AGREEMENT DATED FEBRUARY 11, 2009, BY AND AMONG PNC BANK, NATIONAL ASSOCIATION, GEOKINETICS INC. AND ITS PRINCIPAL SUBSIDIA",8-K EX-10.1,SEC EDGAR,Legal,Needs Review,2009-02-18,2012-02-18,GEOKINETICS INC (CIK 0000314606),,"SEC EDGAR 8-K exhibit EX-10.1, accession 0000314606-09-000004. Filed by GEOKINETICS INC (CIK 0000314606). Source: https://www.sec.gov/Archives/edgar/data/314606/000031460609000004/ex10-1.htm"
EMPLOYMENT AGREEMENT,8-K EX-10.3,SEC EDGAR,Legal,Needs Review,2008-07-14,2011-07-14,PEERLESS SYSTEMS CORP (CIK 0000897893),,"SEC EDGAR 8-K exhibit EX-10.3, accession 0001144204-08-039909. Filed by PEERLESS SYSTEMS CORP (CIK 0000897893). Source: https://www.sec.gov/Archives/edgar/data/897893/000114420408039909/ex10-3.htm"
EMPLOYMENT AGREEMENT,8-K EX-10.3,SEC EDGAR,Legal,Needs Review,2008-07-14,2011-07-14,PEERLESS SYSTEMS CORP (CIK 0000897893),,"SEC EDGAR 8-K exhibit EX-10.3, accession 0001144204-08-039909. Filed by PEERLESS SYSTEMS CORP (CIK 0000897893). Source: https://www.sec.gov/Archives/edgar/data/897893/000114420408039909/ex10-3.htm"
EMPLOYMENT AGREEMENT,8-K EX-10.3,SEC EDGAR,Legal,Needs Review,2008-07-14,2011-07-14,PEERLESS SYSTEMS CORP (CIK 0000897893),,"SEC EDGAR 8-K exhibit EX-10.3, accession 0001144204-08-039909. Filed by PEERLESS SYSTEMS CORP (CIK 0000897893). Source: https://www.sec.gov/Archives/edgar/data/897893/000114420408039909/ex10-3.htm"
EMPLOYMENT AGREEMENT,8-K EX-10.3,SEC EDGAR,Legal,Needs Review,2008-07-14,2011-07-14,PEERLESS SYSTEMS CORP (CIK 0000897893),,"SEC EDGAR 8-K exhibit EX-10.3, accession 0001144204-08-039909. Filed by PEERLESS SYSTEMS CORP (CIK 0000897893). Source: https://www.sec.gov/Archives/edgar/data/897893/000114420408039909/ex10-3.htm"
EMPLOYMENT AGREEMENT,8-K EX-10.3,SEC EDGAR,Legal,Needs Review,2008-07-14,2011-07-14,PEERLESS SYSTEMS CORP (CIK 0000897893),,"SEC EDGAR 8-K exhibit EX-10.3, accession 0001144204-08-039909. Filed by PEERLESS SYSTEMS CORP (CIK 0000897893). Source: https://www.sec.gov/Archives/edgar/data/897893/000114420408039909/ex10-3.htm"
EMPLOYMENT AGREEMENT,8-K EX-10.3,SEC EDGAR,Legal,Needs Review,2008-07-14,2011-07-14,PEERLESS SYSTEMS CORP (CIK 0000897893),,"SEC EDGAR 8-K exhibit EX-10.3, accession 0001144204-08-039909. Filed by PEERLESS SYSTEMS CORP (CIK 0000897893). Source: https://www.sec.gov/Archives/edgar/data/897893/000114420408039909/ex10-3.htm"
PROMISSORY NOTE - TAMMY S. WALTER,10QSB EX-10.3,SEC EDGAR,Legal,Needs Review,2007-11-19,2010-11-18,"Indigo-Energy, Inc. (CIK 0000356870)",,"SEC EDGAR 10QSB exhibit EX-10.3, accession 0001144204-07-063080. Filed by Indigo-Energy, Inc. (CIK 0000356870). Source: https://www.sec.gov/Archives/edgar/data/356870/000114420407063080/ex10-3.htm"
PROMISSORY NOTE - TAMMY S. WALTER,10QSB EX-10.3,SEC EDGAR,Legal,Needs Review,2007-11-19,2010-11-18,"Indigo-Energy, Inc. (CIK 0000356870)",,"SEC EDGAR 10QSB exhibit EX-10.3, accession 0001144204-07-063080. Filed by Indigo-Energy, Inc. (CIK 0000356870). Source: https://www.sec.gov/Archives/edgar/data/356870/000114420407063080/ex10-3.htm"
PROMISSORY NOTE - TAMMY S. WALTER,10QSB EX-10.3,SEC EDGAR,Legal,Needs Review,2007-11-19,2010-11-18,"Indigo-Energy, Inc. (CIK 0000356870)",,"SEC EDGAR 10QSB exhibit EX-10.3, accession 0001144204-07-063080. Filed by Indigo-Energy, Inc. (CIK 0000356870). Source: https://www.sec.gov/Archives/edgar/data/356870/000114420407063080/ex10-3.htm"
PROMISSORY NOTE - TAMMY S. WALTER,10QSB EX-10.3,SEC EDGAR,Legal,Needs Review,2007-11-19,2010-11-18,"Indigo-Energy, Inc. (CIK 0000356870)",,"SEC EDGAR 10QSB exhibit EX-10.3, accession 0001144204-07-063080. Filed by Indigo-Energy, Inc. (CIK 0000356870). Source: https://www.sec.gov/Archives/edgar/data/356870/000114420407063080/ex10-3.htm"
"CLEARONE COMMUNICATIONS, INC. FORM 10-Q FOR THE PERIOD ENDED 09/30/2006",10-Q 10-Q,SEC EDGAR,Legal,Needs Review,2006-11-13,2009-11-12,CLEARONE COMMUNICATIONS INC (CLRO) (CIK 0000840715),,"SEC EDGAR 10-Q exhibit 10-Q, accession 0000840715-06-000062. Filed by CLEARONE COMMUNICATIONS INC (CLRO) (CIK 0000840715). Source: https://www.sec.gov/Archives/edgar/data/840715/000084071506000062/form10-q09302006.pdf"
"CLEARONE COMMUNICATIONS, INC. FORM 10-Q FOR THE PERIOD ENDED 09/30/2006",10-Q 10-Q,SEC EDGAR,Legal,Needs Review,2006-11-13,2009-11-12,CLEARONE COMMUNICATIONS INC (CLRO) (CIK 0000840715),,"SEC EDGAR 10-Q exhibit 10-Q, accession 0000840715-06-000062. Filed by CLEARONE COMMUNICATIONS INC (CLRO) (CIK 0000840715). Source: https://www.sec.gov/Archives/edgar/data/840715/000084071506000062/form10-q09302006.pdf"
"CLEARONE COMMUNICATIONS, INC. FORM 10-Q FOR THE PERIOD ENDED 09/30/2006",10-Q 10-Q,SEC EDGAR,Legal,Needs Review,2006-11-13,2009-11-12,CLEARONE COMMUNICATIONS INC (CLRO) (CIK 0000840715),,"SEC EDGAR 10-Q exhibit 10-Q, accession 0000840715-06-000062. Filed by CLEARONE COMMUNICATIONS INC (CLRO) (CIK 0000840715). Source: https://www.sec.gov/Archives/edgar/data/840715/000084071506000062/form10-q09302006.pdf"
"CLEARONE COMMUNICATIONS, INC. FORM 10-Q FOR THE PERIOD ENDED 09/30/2006",10-Q 10-Q,SEC EDGAR,Legal,Needs Review,2006-11-13,2009-11-12,CLEARONE COMMUNICATIONS INC (CLRO) (CIK 0000840715),,"SEC EDGAR 10-Q exhibit 10-Q, accession 0000840715-06-000062. Filed by CLEARONE COMMUNICATIONS INC (CLRO) (CIK 0000840715). Source: https://www.sec.gov/Archives/edgar/data/840715/000084071506000062/form10-q09302006.pdf"
"CLEARONE COMMUNICATIONS, INC. FORM 10-Q FOR THE PERIOD ENDED 09/30/2006",10-Q 10-Q,SEC EDGAR,Legal,Needs Review,2006-11-13,2009-11-12,CLEARONE COMMUNICATIONS INC (CLRO) (CIK 0000840715),,"SEC EDGAR 10-Q exhibit 10-Q, accession 0000840715-06-000062. Filed by CLEARONE COMMUNICATIONS INC (CLRO) (CIK 0000840715). Source: https://www.sec.gov/Archives/edgar/data/840715/000084071506000062/form10-q09302006.pdf"
"CLEARONE COMMUNICATIONS, INC. FORM 10-Q FOR THE PERIOD ENDED 09/30/2006",10-Q 10-Q,SEC EDGAR,Legal,Needs Review,2006-11-13,2009-11-12,CLEARONE COMMUNICATIONS INC (CLRO) (CIK 0000840715),,"SEC EDGAR 10-Q exhibit 10-Q, accession 0000840715-06-000062. Filed by CLEARONE COMMUNICATIONS INC (CLRO) (CIK 0000840715). Source: https://www.sec.gov/Archives/edgar/data/840715/000084071506000062/form10-q09302006.pdf"
